stream,next_stream,drainage_area_km2,length_km,area_sqkm,centroid_lon,centroid_lat,l1,vo
420558772,420558773,0.112,0.33,0.112,-74.79066176470589,40.31169117647059,0.4352054237158972,1.6696536438062437
420557886,420558773,0.086,0.21,0.086,-74.7884294871795,40.31451923076923,0.4349279560034917,1.719903379392949
420553620,420553417,0.761,1.358,0.761,-74.79696120689657,40.32966235632185,0.4482819568987789,1.1510884603902949
420553824,420553417,0.053,0.117,0.053,-74.78989583333338,40.33020833333335,0.4394679757225635,1.7334054772783096
420553417,420551946,0.8410000000000001,0.234,0.027,-74.79062499999998,40.33312499999998,0.4529096442018209,1.144380384934
420552578,420551946,0.23,0.517,0.23,-74.79313095238096,40.33510714285714,0.4406151649490594,1.444742695700408
420551525,420551526,5.19,1.058,0.413,-74.79431878306879,40.339212962962975,0.4671506353611359,0.922994197975358
420551526,420551143,5.585999999999999,0.071,0.014,-74.78833333333333,40.34125,0.4719247244206028,0.8805385770159955
420550514,420551526,0.382,0.375,0.158,-74.79049242424242,40.34367424242424,0.442947957731638,1.162619686217771
420550311,420551143,0.151,0.419,0.151,-74.78653985507246,40.34440217391305,0.4432364247985522,1.489458692977037
420550722,420550514,0.112,0.375,0.112,-74.79404411764708,40.34257352941179,0.4373956965791429,1.621771689476334
420550310,420550514,0.112,0.304,0.112,-74.7950277777778,40.34547222222222,0.444823714613583,1.6205191355714357
420549336,420549337,1.248,0.562,0.217,-74.79084595959594,40.3478914141414,0.473158356653472,1.1635209943995997
420549516,420549336,0.952,0.492,0.132,-74.7958333333333,40.34845833333332,0.463343940930267,1.151581828700115
420549714,420549337,0.092,0.21,0.092,-74.78625000000001,40.34738095238095,0.4409207050958722,1.6786118661893017
420548919,420549336,0.079,0.234,0.079,-74.79437500000002,40.3507638888889,0.4460113213313884,1.638527271241989
420549337,420548920,1.373,0.117,0.033,-74.78841666666665,40.34975,0.4713341397943585,1.1576335805629676
420548480,420548920,0.151,0.071,0.151,-74.79081349206346,40.352202380952384,0.445337320994089,1.4484191522511964
420548055,420547230,0.151,0.397,0.151,-74.79527173913044,40.353822463768125,0.4440873633468039,1.4288094106490243
420547868,420547228,0.151,0.21,0.151,-74.80005434782606,40.35585144927538,0.4464398356380945,1.4659114386136451
420547230,420548056,3.084,0.213,0.099,-74.79219444444445,40.35641666666667,0.4649281526741077,0.9701403845550808
420547231,420548056,0.053,0.117,0.053,-74.78947916666667,40.358020833333335,0.4443875867809816,1.6711121687849753
420547229,420547230,2.834,0.234,0.079,-74.79388888888889,40.35805555555557,0.4677921107649482,0.9847269551003132
420547228,420547229,2.663,0.188,0.053,-74.79680555555551,40.3575,0.4682780018538299,0.992780333251871
420546417,420547229,0.092,0.21,0.092,-74.79452380952382,40.36053571428573,0.4508146006623023,1.639920431847107
420556818,420556611,3.131,0.35,0.112,-74.779681372549,40.318553921568615,0.4555386072529623,0.9942924523713592
420556819,420556417,0.099,0.117,0.099,-74.77536111111112,40.318916666666674,0.4377089365729606,1.6894199833431012
420556611,420556417,3.735,0.117,0.033,-74.77775000000001,40.31991666666667,0.459335226350112,0.9563846897706714
420555999,420556611,0.571,1.291,0.571,-74.78693627450976,40.321661764705865,0.4439576018439828,1.1570550399213966
420556417,420554485,3.867,0.117,0.033,-74.77725000000001,40.32091666666668,0.4604027168898715,0.952107540794182
420555544,420554485,0.118,0.188,0.118,-74.77875000000002,40.32421296296296,0.4369099705856021,1.5469164844295764
420554485,420553623,4.47,1.259,0.485,-74.77284909909909,40.3249662162162,0.4651145608787987,0.9277073333683916
420555118,420554043,0.197,0.63,0.197,-74.7837222222222,40.32480555555555,0.4391849962641693,1.453806469151332
420554484,420554043,0.243,0.471,0.243,-74.78602477477477,40.32751126126125,0.4397980616409391,1.4396749462288905
420554043,420553621,0.6759999999999999,0.654,0.236,-74.77946759259258,40.32861111111111,0.4465215653840813,1.1583806028611097
420554262,420553825,0.138,0.234,0.138,-74.77509920634921,40.32851190476191,0.4386298747128254,1.5271738134663746
420553622,420553623,64.38199999999999,0.259,0.079,-74.77152777777779,40.3311111111111,0.4921156888235978,0.2974432000867602
420553222,420553008,0.217,0.701,0.217,-74.78614898989899,40.331148989899,0.4412456465885873,1.4482130872885253
420553825,420553622,64.099,0.071,0.014,-74.77333333333334,40.33166666666666,0.4919049964902945,0.2985516758441952
420553621,420553825,63.947,0.329,0.079,-74.77534722222222,40.33152777777777,0.4932852451003671,0.3008275534586631
420552360,420553622,0.204,0.35,0.204,-74.77095430107528,40.33498655913978,0.4383751089219604,1.4569161800580548
420553010,420553621,0.066,0.234,0.066,-74.77558333333333,40.33416666666666,0.439800116350147,1.7522980099778316
420553009,420553621,63.126000000000005,0.492,0.191,-74.77897988505745,40.3333764367816,0.4887934600284958,0.2977629262721571
420553418,420553009,0.066,0.21,0.066,-74.78224999999999,40.33183333333334,0.4382016746723121,1.7468596109516572
420554683,420553619,0.112,0.21,0.112,-74.81419117647059,40.32732843137256,0.4391854379549621,1.5970894610343709
420554042,420553619,0.066,0.234,0.066,-74.81499999999998,40.330333333333336,0.4432524148820002,1.669305082038854
420553619,420552358,0.349,0.446,0.171,-74.8116346153846,40.33067307692308,0.4436212387436554,1.1697384911889066
420554261,420552358,0.125,0.21,0.125,-74.80896929824563,40.32844298245614,0.4350185795584012,1.5154963994096042
420552358,420551525,1.208,1.308,0.734,-74.80396577380955,40.33377976190477,0.4727496668824703,1.1653794391628822
420552808,420551945,0.328,0.63,0.328,-74.81429999999997,40.33511666666666,0.4487951065094684,1.1932396108828658
420551944,420551945,0.086,0.142,0.086,-74.81259615384616,40.33791666666667,0.447432920248913,1.6534133000922626
420551945,420551523,0.637,0.679,0.223,-74.80816176470587,40.33786764705883,0.4497234597708457,1.144834221507142
420551524,420551525,3.569,0.188,0.04,-74.8009722222222,40.339166666666685,0.4642771540891365,0.9303217791802092
420551523,420551524,3.293,0.492,0.125,-74.80344298245616,40.33953947368423,0.4637383713450089,0.9656857569584564
420550098,420551524,0.236,0.443,0.236,-74.79888888888888,40.34351851851851,0.447585098904026,1.4039742793547176
420551341,420551522,0.8399999999999999,0.75,0.21,-74.81489583333334,40.34109375,0.4612615843129706,1.1941204335597084
420551342,420551523,2.531,0.117,0.027,-74.80291666666666,40.34166666666666,0.4614648918333974,0.9902531750438508
420550512,420551341,0.348,0.75,0.348,-74.82227201257864,40.34216194968554,0.4545394458186044,1.216197997643942
420550917,420551342,1.7139999999999995,0.633,0.164,-74.80771666666666,40.34185,0.481080084710094,1.1258244369453183
420551522,420550917,1.36,0.117,0.04,-74.81097222222223,40.34013888888889,0.4794431474416581,1.1811372764983283
420551142,420551342,0.79,0.21,0.027,-74.80375000000002,40.34270833333333,0.4589990167317895,1.1466295302830027
420549906,420551341,0.282,0.793,0.282,-74.81942829457363,40.34516472868217,0.455669657219126,1.2923582817548669
420549907,420551522,0.48,0.792,0.204,-74.81374999999998,40.34522849462365,0.4505511240740041,1.1919639754374336
420549133,420550917,0.19,0.628,0.19,-74.81159482758619,40.34708333333335,0.4481211872322608,1.4276646669824935
420550513,420551142,0.086,0.259,0.086,-74.80144230769231,40.34407051282051,0.4453607047307709,1.636183726226078
420550309,420551142,0.375,0.302,0.059,-74.80402777777778,40.3449537037037,0.4491237118318256,1.175619577602394
420549134,420551142,0.302,0.746,0.302,-74.80869565217392,40.34782608695652,0.4491948955275663,1.231174075151607
420549713,420550309,0.086,0.234,0.086,-74.80195512820511,40.34714743589743,0.4480676106663667,1.6392472648884202
420548918,420550309,0.23,0.537,0.23,-74.80539285714285,40.349083333333326,0.4480888201073726,1.396704632297084
420549515,420549907,0.033,0.093,0.033,-74.81525,40.34875,0.4488018186334924,1.692033427080476
420548710,420549907,0.243,0.397,0.243,-74.81739864864866,40.34989864864865,0.4683225997518088,1.4045236082348522
420545156,420543770,0.44,0.093,0.014,-74.83166666666666,40.36666666666667,0.4561999343101821,1.2089228299645658
420545378,420545156,0.118,0.326,0.118,-74.83032407407408,40.36430555555556,0.4582090382934121,1.5129914159524556
420544734,420543770,0.171,0.259,0.171,-74.82836538461541,40.36615384615383,0.4625083972365221,1.4229262032033043
420543771,420543345,0.217,0.886,0.217,-74.8281186868687,40.36991161616163,0.4574008323360343,1.4281689851010952
420553008,420553009,1.682,0.142,0.033,-74.78208333333333,40.33441666666667,0.470737913424715,1.1352359815859585
420552359,420553009,61.187000000000005,0.302,0.066,-74.78008333333334,40.336666666666666,0.4889366490515764,0.3069357416281595
420551144,420551948,0.354,1.262,0.354,-74.77182098765432,40.33864197530863,0.4391682161001186,1.181136233303708
420551947,420552359,0.033,0.093,0.033,-74.78091666666668,40.33925000000001,0.4407835825197183,1.7406047283865589
420551948,420552359,61.08800000000001,0.234,0.073,-74.7780681818182,40.33814393939394,0.4892506529281766,0.3025978049191977
420549909,420552145,0.263,0.765,0.263,-74.76220833333335,40.34387500000001,0.4419725166904986,1.4439163283568923
420551727,420551948,60.66100000000001,0.186,0.033,-74.77847222222223,40.34041666666667,0.4897046307287644,0.3043576579190709
420551527,420551727,0.073,0.35,0.073,-74.77496212121214,40.339962121212125,0.4378563226999823,1.7522980099778316
420551726,420550918,0.112,0.234,0.112,-74.7834068627451,40.33845588235295,0.4385513109315353,1.6650579626803492
420551143,420550918,5.874999999999999,0.517,0.138,-74.78537698412698,40.34105158730159,0.4710437130095969,0.8621797570422747
420550918,420551727,6.124999999999999,0.4,0.138,-74.78125,40.34188492063492,0.4713857465369842,0.8454897568266957
420550919,420551727,54.43000000000001,0.302,0.086,-74.77708333333332,40.34240384615386,0.4923301151017259,0.3055905305239357
420550516,420550920,0.243,0.795,0.243,-74.7714752252252,40.34264639639638,0.4397022202480305,1.4443674795176422
420550920,420550919,0.757,0.117,0.007,-74.77625,40.34375,0.4542450828182136,1.164949906600543
420550312,420550919,53.58700000000001,0.326,0.112,-74.77811274509804,40.345318627450986,0.4930383989599205,0.3076025485790108
420549908,420550920,0.507,0.421,0.132,-74.77354166666666,40.34558333333334,0.4418501041739701,1.1549055788600917
420550515,420550312,0.105,0.188,0.105,-74.78166666666665,40.344479166666666,0.4413120481469996,1.668911859301228
420550313,420549908,0.099,0.259,0.099,-74.76958333333334,40.34547222222221,0.439837489760434,1.6879492670829692
420549715,420550312,53.37000000000001,0.186,0.04,-74.7786111111111,40.3473611111111,0.4938370179141592,0.3136032745062395
420549339,420549908,0.276,0.562,0.276,-74.76835317460318,40.34839285714285,0.4424918447587732,1.4431060265875462
420549338,420549715,53.02200000000001,0.35,0.164,-74.78154999999995,40.34811666666664,0.4894920630150871,0.3060428337833693
420548921,420549715,0.308,0.866,0.308,-74.77337765957448,40.35000886524824,0.4467479838452017,1.201590258912622
420549135,420549338,0.073,0.259,0.073,-74.77890151515149,40.35049242424242,0.4416263581776446,1.7371290102567
420548481,420549338,52.78500000000001,0.443,0.132,-74.78320833333333,40.35162499999999,0.4876641279002746,0.3177530985251446
420548920,420548481,1.649,0.421,0.125,-74.7858552631579,40.35063596491228,0.4727415675854335,1.141826609658144
420551946,420553008,1.432,0.75,0.361,-74.78703787878787,40.33605303030304,0.4694088690935892,1.1613784619115757
420547227,420549516,0.741,1.613,0.741,-74.80462758112098,40.35349188790562,0.4563679254872679,1.1995088239750522
420548479,420549516,0.079,0.117,0.079,-74.79833333333335,40.352222222222224,0.4466108288828889,1.6401015058981732
420547226,420546622,0.348,0.768,0.348,-74.81263364779872,40.35541666666665,0.4671133207486022,1.2180939492675122
420546623,420547228,2.459,0.443,0.184,-74.79910714285715,40.35919642857144,0.4723409237191019,1.0308364542098911
420547026,420546416,0.132,0.326,0.132,-74.81666666666665,40.35741666666667,0.4666826740006331,1.5091264471547343
420546416,420546622,0.73,0.492,0.125,-74.81304824561404,40.35967105263158,0.4696117344130308,1.207958113894293
420546822,420546415,0.105,0.234,0.105,-74.81916666666665,40.35953124999999,0.4686339456428494,1.5890971438901789
420546622,420545158,1.177,0.234,0.099,-74.80936111111112,40.35958333333334,0.4920117124815372,1.2170159838315808
420546415,420546416,0.473,0.188,0.059,-74.81578703703701,40.36078703703703,0.4684741052563964,1.202217392529061
420546218,420546623,2.137,0.21,0.046,-74.79910714285711,40.36208333333333,0.4734151008758271,1.1835841541139454
420545817,420546623,0.138,0.35,0.138,-74.79660714285713,40.36311507936508,0.4479501836959874,1.5140452288017487
420545158,420545987,1.6829999999999998,0.517,0.348,-74.80782232704405,40.36285377358492,0.4848961472345258,1.188058109825377
420545815,420546415,0.145,0.375,0.145,-74.8195075757576,40.36257575757577,0.4666342394681636,1.471186496779659
420545157,420545158,0.158,0.375,0.158,-74.81288194444443,40.36434027777776,0.4663219977253789,1.4437922607972662
420545379,420546415,0.164,0.302,0.164,-74.81648333333331,40.364316666666646,0.4650539697546068,1.4437922607972662
420545987,420546218,2.045,0.4,0.132,-74.802625,40.36204166666665,0.468791296488156,1.1734075683427423
420545816,420546218,0.046,0.234,0.046,-74.8007738095238,40.3639880952381,0.4393491050304417,1.6986975882421795
420544735,420545987,0.23,0.468,0.23,-74.8062261904762,40.36632142857143,0.4487198353145076,1.4195707565418525
420548263,420548481,51.00400000000001,0.093,0.014,-74.78375,40.35416666666666,0.4870377980990585,0.3171741745319372
420548482,420548058,0.151,0.375,0.151,-74.77875,40.352699275362326,0.4414334545351892,1.4913306940877122
420548057,420548263,49.74200000000001,0.117,0.033,-74.78508333333333,40.35441666666667,0.4871693412843144,0.3173833117882604
420548058,420548263,1.248,0.117,0.02,-74.7826388888889,40.35486111111111,0.4703397923022872,1.1701023733440636
420548056,420548057,3.314,0.77,0.177,-74.78891666666668,40.354850000000006,0.4659807194785449,0.98477162068748
420548059,420547027,0.315,0.846,0.315,-74.77354166666667,40.35423611111111,0.4439125923932814,1.1938741425806425
420547027,420548058,1.077,0.35,0.171,-74.7810576923077,40.35740384615384,0.4681499886141291,1.1635443755319033
420546824,420548057,46.39500000000001,0.628,0.184,-74.78505952380952,40.35764880952381,0.4808058877801576,0.3152253324423412
420547233,420547232,0.177,0.471,0.177,-74.77162037037037,40.35665123456791,0.4431773663774151,1.4520214678538033
420547232,420547027,0.591,0.354,0.099,-74.77752777777778,40.35713888888888,0.4479607538059039,1.150666106917861
420545820,420547232,0.315,0.652,0.315,-74.77706597222219,40.36138888888888,0.4426056204971303,1.185759621509554
420546823,420546824,0.375,0.117,0.014,-74.78499999999998,40.36,0.4521264994207139,1.179792028843461
420545819,420546824,45.83600000000001,0.511,0.171,-74.78266025641024,40.36214743589744,0.4811746175272068,0.3190370631530818
420546219,420546823,0.249,0.542,0.249,-74.78947368421052,40.360877192982464,0.4470521879960786,1.3743778176264076
420545818,420546823,0.112,0.234,0.112,-74.78723039215684,40.36296568627451,0.4454174202166002,1.6075355861092375
420544963,420546418,0.138,0.467,0.138,-74.76295634920633,40.36462301587301,0.4484720582668598,1.498201959423909
420545821,420545988,0.23,0.679,0.23,-74.7719880952381,40.36305952380953,0.4442193887608993,1.4037386514472532
420545380,420545819,44.69900000000001,0.234,0.059,-74.78513888888892,40.3651388888889,0.4707605892933817,0.3201304374511918
420544738,420545819,0.966,0.795,0.302,-74.77987318840579,40.366539855072446,0.4665582683108457,1.1577054486283669
420544364,420545604,0.295,0.633,0.295,-74.77034259259258,40.366972222222216,0.4526887841360191,1.2084833006706055
420543975,420545380,0.217,0.722,0.217,-74.7842803030303,40.3691287878788,0.4539534640699566,1.4028217553839557
420544962,420544738,0.086,0.117,0.086,-74.77496794871796,40.36637820512821,0.4500736570183391,1.642570904892564
420544166,420544738,0.5780000000000001,0.35,0.145,-74.77575757575758,40.369772727272725,0.4540424198699322,1.1598375183198093
420543772,420544536,43.25300000000001,0.511,0.21,-74.78794270833332,40.371770833333336,0.4553300337706717,0.3257845640530206
420543557,420544166,0.125,0.071,0.125,-74.7800657894737,40.37125000000001,0.4559441615596959,1.5187948517124994
420542546,420544167,0.348,0.793,0.348,-74.77151729559749,40.37386006289308,0.4470367263436224,1.1982993189977045
420542132,420544166,0.308,0.628,0.308,-74.77557624113477,40.37511524822696,0.4579264131334346,1.2228707720107077
420541930,420543772,0.682,1.453,0.682,-74.781891025641,40.37650641025642,0.4590401895167184,1.2093012938251797
420544732,420544361,0.551,1.167,0.551,-74.84174603174604,40.364494047619054,0.4590201618399274,1.194684982196741
420545377,420545156,0.308,0.583,0.308,-74.8343705673759,40.36311170212767,0.4539355087985753,1.2297707232322614
420544731,420544165,0.053,0.259,0.053,-74.84708333333332,40.36781249999999,0.4545340301008919,1.6979189431953725
420544362,420543970,0.125,0.466,0.125,-74.83550438596491,40.36839912280701,0.4538771592595054,1.533969755676901
420543770,420543147,0.775,0.72,0.164,-74.83262681159418,40.369945652173925,0.4694342804399142,1.2210472280325757
420544733,420544361,0.04,0.117,0.04,-74.83791666666667,40.367777777777775,0.4550319437523439,1.6968731783087176
420543768,420544165,0.335,0.679,0.335,-74.8490931372549,40.370661764705886,0.4525611806403932,1.216567383646624
420544165,420543968,0.585,0.654,0.197,-74.84311111111113,40.36944444444447,0.4560803453414712,1.2091781300615558
420544361,420543969,0.6370000000000001,0.233,0.046,-74.8385119047619,40.36934523809523,0.4592635021308172,1.2133787019736548
420543968,420543969,0.939,0.142,0.033,-74.83958333333334,40.37125,0.4770833918358522,1.2159787518631535
420543969,420543970,1.5900000000000003,0.071,0.014,-74.83833333333332,40.37166666666667,0.4899336807531778,1.2052064867699277
420543970,420543769,1.7420000000000002,0.117,0.027,-74.83749999999999,40.37104166666668,0.4883629986752258,1.1883861312924051
420542738,420543968,0.321,0.466,0.321,-74.84325680272107,40.374311224489794,0.4516125802952701,1.2110970908245782
420543769,420543344,1.8740000000000003,0.188,0.046,-74.83589285714287,40.37184523809525,0.4894822877862956,1.1853741625363765
420542933,420543769,0.086,0.117,0.086,-74.8388141025641,40.37439102564101,0.4509026949306018,1.6359751425813585
420543767,420543342,2.154,0.725,0.276,-74.86674603174605,40.37019841269842,0.4804209061008414,1.153591882695835
420543555,420542931,0.099,0.302,0.099,-74.86019444444445,40.37175,0.4486059829853357,1.6181725223792114
420543146,420543342,0.105,0.259,0.105,-74.86598958333335,40.37432291666667,0.4457461028987767,1.5849550334053335
420543342,420542931,2.371,0.446,0.112,-74.86257352941176,40.37340686274511,0.4814583518967497,1.0706302396406708
420543343,420542931,0.099,0.233,0.099,-74.85708333333332,40.37319444444446,0.4503964551694744,1.615349132710178
420541924,420542541,0.676,0.492,0.131,-74.86216666666668,40.37825,0.4635408212093057,1.1491933780589705
420541923,420541924,0.427,0.608,0.269,-74.86742886178861,40.37753048780488,0.4530968509169007,1.155440363942425
420541318,420541924,0.118,0.535,0.118,-74.865,40.38092592592593,0.4513665456778199,1.5002894643693057
420542126,420541725,3.725,0.21,0.033,-74.85775,40.37841666666665,0.4841008716742961,0.9141637199714256
420541529,420541923,0.099,0.142,0.099,-74.87041666666666,40.38041666666666,0.4492974567928446,1.6042934582688724
420541724,420541725,0.046,0.117,0.046,-74.85994047619047,40.38017857142857,0.4513938841977843,1.6701429233481235
420541317,420541923,0.059,0.093,0.059,-74.86865740740741,40.381805555555566,0.4511811219584163,1.66225031660851
420541725,420541319,3.798,0.117,0.027,-74.85812499999999,40.380416666666655,0.4840343972042782,0.9126963495893096
420540917,420541319,0.519,0.608,0.151,-74.86034420289855,40.38273550724637,0.4552213623032323,1.1449305307794866
420540280,420540917,0.269,0.375,0.269,-74.86665650406503,40.38448170731707,0.4494757460226825,1.3912301102129747
420540075,420540917,0.099,0.443,0.099,-74.86236111111111,40.38580555555555,0.4470526474357152,1.6169632916988526
420545152,420544729,0.23,0.492,0.23,-74.87991666666666,40.364726190476176,0.4533358437227734,1.416010176101138
420544729,420544535,0.945,0.864,0.341,-74.87282051282052,40.366762820512825,0.4738006852864808,1.207530464499165
420543554,420544729,0.374,0.609,0.374,-74.88006578947368,40.3703581871345,0.4539703606835247,1.198264965480428
420544535,420543767,1.3130000000000002,0.117,0.02,-74.87097222222222,40.36930555555555,0.4871525765614228,1.1894605214907688
420542737,420544535,0.348,0.75,0.348,-74.87617138364776,40.37274371069181,0.4546125249726703,1.1967090768874138
420543145,420543767,0.565,0.63,0.177,-74.87063271604934,40.37347222222221,0.4586657397481936,1.1563073109056354
420542540,420543145,0.145,0.213,0.145,-74.87526515151512,40.37549242424241,0.4519908131737424,1.4497541062250598
420541723,420543145,0.243,0.419,0.243,-74.87359234234235,40.37852477477477,0.4446696051589343,1.3795994445460762
420545159,420544737,0.125,0.35,0.125,-74.79256578947368,40.36502192982455,0.4480340385368657,1.5377062951956295
420544363,420544736,0.374,0.796,0.374,-74.80125000000002,40.36777046783626,0.445445537548744,1.2388921436250944
420544736,420544737,0.6950000000000001,0.542,0.19,-74.79399691358023,40.36726851851851,0.458816917264718,1.2055001367319442
420544737,420544961,0.8340000000000001,0.117,0.014,-74.79,40.368333333333325,0.4672577039126993,1.2173511859538215
420544536,420544961,43.44400000000001,0.186,0.033,-74.78858333333334,40.36875,0.4582715180672101,0.325439644516925
420543973,420544736,0.131,0.443,0.131,-74.79800925925923,40.37037037037038,0.4394788683275694,1.523378271793514
420543974,420544536,0.158,0.537,0.158,-74.79326388888887,40.37052083333335,0.453856881992813,1.4561033672329111
420541929,420540509,0.544,1.464,0.544,-74.80730421686745,40.3735391566265,0.4584281267996509,1.2036926495864415
420543149,420542341,0.19,0.559,0.19,-74.81291666666667,40.37285919540231,0.4708913938197117,1.4304846143827752
420543151,420543772,42.361,0.304,0.131,-74.79324999999999,40.37345833333333,0.4550257421092841,0.3247016219691511
420542937,420542544,0.23,0.583,0.23,-74.80058333333331,40.37315476190477,0.4418348062620173,1.4235124869558755
420543150,420542343,0.079,0.28,0.079,-74.7965277777778,40.373750000000015,0.4538892748746344,1.662102716485011
420542343,420543151,41.035,0.28,0.099,-74.79369444444445,40.37691666666667,0.4546913400497178,0.3294037965359849
420542740,420543151,1.195,0.468,0.092,-74.78988095238094,40.376011904761896,0.481883050159301,1.2368118116307645
420542544,420542343,40.857000000000006,0.188,0.04,-74.79597222222222,40.37680555555556,0.4346436349672281,0.3322922063348508
420542341,420541532,1.214,0.188,0.066,-74.81658333333334,40.37708333333334,0.4779219221672715,1.2380600511991362
420542739,420542342,0.099,0.233,0.099,-74.80219444444445,40.37580555555556,0.4463573971464645,1.6323814546081592
420542342,420542544,40.403000000000006,0.329,0.092,-74.79892857142856,40.37732142857143,0.4398001828554695,0.3380219762418022
420540921,420542740,0.236,0.421,0.236,-74.79226851851851,40.381365740740726,0.4522689322001172,1.4226440643809275
420541324,420542544,0.184,0.326,0.184,-74.79651785714285,40.38038690476189,0.4553682604618347,1.4304444660323965
420541532,420541323,1.68,0.817,0.407,-74.8117204301075,40.37806451612903,0.4806410966431471,1.1988921309380645
420540078,420542342,40.212,0.652,0.387,-74.80246468926553,40.381772598870064,0.4502202204548957,0.3319015223444416
420541323,420540509,33.375,0.117,0.014,-74.80999999999999,40.38208333333333,0.4468865908603113,0.3505544130010855
420540509,420540078,34.142,0.517,0.223,-74.80605392156863,40.38257352941177,0.4447929698425572,0.3463817706550444
420540919,420541323,31.681,0.28,0.079,-74.80965277777777,40.38368055555554,0.4553496364391808,0.3527784177299983
420541726,420542740,0.808,0.584,0.23,-74.78782142857143,40.37979761904762,0.4691020753819624,1.2122360618459478
420544961,420545380,44.42300000000001,0.375,0.145,-74.78859848484848,40.36575757575756,0.4668248315005014,0.3211451978732416
420542545,420542740,0.059,0.304,0.059,-74.78671296296297,40.377175925925926,0.4535470961166258,1.6880353991424912
420542130,420541322,0.164,0.443,0.164,-74.82178333333334,40.37691666666666,0.4515526540887482,1.4596829613924849
420541322,420541114,5.2010000000000005,0.375,0.138,-74.82418650793652,40.38144841269842,0.4939141310043972,0.9590657968605104
420541114,420540918,5.425,0.35,0.145,-74.82083333333333,40.381553030303024,0.4953701418352113,0.9423470792046178
420541531,420540918,0.092,0.117,0.092,-74.81684523809525,40.38083333333335,0.4579416129388733,1.645792866051654
420540918,420540508,5.569999999999999,0.35,0.053,-74.81875000000001,40.383125,0.4952441592946126,0.9253272813462532
420539884,420540508,15.024,0.468,0.158,-74.81892361111112,40.38656250000001,0.459780119380034,0.5057682995969768
420540077,420539883,14.411,0.679,0.243,-74.82393018018018,40.38631756756757,0.4653232360151362,0.5140220448436337
420538810,420540285,8.651,0.861,0.256,-74.8159722222222,40.39095085470085,0.4782890765395139,0.5774722368217664
420539883,420539884,14.774,0.071,0.014,-74.82083333333335,40.38833333333334,0.4614548493039775,0.5082253363157319
420539252,420539883,0.349,0.397,0.112,-74.8231388888889,40.38980555555554,0.4609281100734379,1.2110619481683296
420538809,420539884,0.092,0.442,0.092,-74.81982142857142,40.39089285714285,0.4573386487144208,1.62902188549042
420539024,420539882,0.053,0.117,0.053,-74.82625,40.39062500000001,0.4548769181576095,1.6876400323702403
420538808,420539251,12.553,0.233,0.073,-74.83124999999998,40.39147727272726,0.4665490958263588,0.5316941469730195
420538384,420539252,0.073,0.28,0.073,-74.82473484848487,40.39261363636364,0.4597088616241853,1.68528673521218
420537774,420539252,0.164,0.395,0.164,-74.82275000000001,40.39415,0.4589354893615485,1.4430227890774558
420537159,420539251,0.308,0.559,0.308,-74.82724290780142,40.39557624113475,0.4573952310083556,1.2298180955851146
420537158,420538808,0.131,0.559,0.131,-74.83000000000003,40.396375,0.4550549993663873,1.5218030474023618
420537373,420538810,0.486,0.654,0.223,-74.81924019607843,40.39575980392156,0.4608583789970284,1.18687464875589
420534928,420537374,0.662,1.302,0.662,-74.8133787128713,40.40323019801979,0.463280905250679,1.1972340256894751
420536363,420537373,0.151,0.35,0.151,-74.82266304347824,40.39994565217392,0.4600705224030637,1.4795254224476726
420536553,420537373,0.112,0.302,0.112,-74.81987745098039,40.40031862745098,0.4572087320107113,1.6319100423900692
420535137,420536551,0.21,0.535,0.21,-74.83125,40.405130208333325,0.4599639664041945,1.4326157486730673
420534720,420535732,0.099,0.21,0.099,-74.82769444444442,40.40752777777777,0.4480687437066333,1.6457442159247149
420534927,420535732,1.327,0.421,0.184,-74.82413690476191,40.40675595238096,0.4881575265263826,1.2327851023040428
420535534,420535138,0.118,0.326,0.118,-74.81930555555557,40.40430555555556,0.4584677092735101,1.5411283894824217
420535138,420534927,0.999,0.142,0.04,-74.82055555555554,40.40694444444444,0.4784509504723391,1.2271644398550232
420533895,420535138,0.841,0.304,0.249,-74.81848684210526,40.41015350877194,0.4708489174890152,1.2159470772193504
420534113,420534927,0.144,0.395,0.144,-74.82272727272728,40.41026515151515,0.458923617251822,1.4800076136311768
420534520,420533895,0.027,0.117,0.027,-74.81958333333331,40.40979166666667,0.4578833703287791,1.6912500651639857
420533705,420533895,0.565,0.562,0.321,-74.8145323129252,40.40956632653062,0.4598298669687057,1.213687590161726
420542131,420541114,0.079,0.117,0.079,-74.81930555555556,40.37861111111112,0.4595037823570744,1.6527174377109732
420542935,420542341,0.958,0.233,0.066,-74.81783333333335,40.37499999999999,0.4718549820351299,1.2156556905247236
420542936,420541532,0.059,0.117,0.059,-74.81217592592593,40.37560185185185,0.4581469716417916,1.686560993700604
420540508,420540919,29.672,0.587,0.236,-74.81432870370368,40.3837037037037,0.452683143997368,0.3615924953169954
420543347,420542935,0.446,0.863,0.446,-74.822193627451,40.369350490196105,0.4706696761805451,1.21517370579864
420543556,420542935,0.446,0.186,0.053,-74.81718750000002,40.37302083333334,0.4601312485419265,1.217449964665811
420543971,420543556,0.131,0.466,0.131,-74.81874999999997,40.36920833333333,0.4680232422887729,1.5146027971307865
420543972,420543556,0.262,0.466,0.262,-74.81495833333332,40.36939583333333,0.4693777983770169,1.4200856037749487
420540507,420540284,0.918,0.259,0.059,-74.8301785714286,40.38529761904763,0.4717550963942432,1.19251572584353
420542542,420542543,4.354000000000001,0.375,0.105,-74.82895833333333,40.37619791666668,0.4851782097937455,0.9315368840240466
420541321,420541928,0.269,0.725,0.269,-74.82994658119658,40.38001068376068,0.4556674272620892,1.4346281097804807
420543344,420543147,2.9200000000000004,0.188,0.053,-74.83437499999998,40.37291666666667,0.4820423654951032,1.027418170635663
420541927,420543344,0.993,0.979,0.282,-74.83820736434107,40.37710271317829,0.4757477048903892,1.2004617942127584
420543147,420543148,3.741000000000001,0.188,0.046,-74.83279761904761,40.37410714285714,0.4836822042524933,0.9513341709583536
420543148,420543345,3.9060000000000006,0.117,0.027,-74.83166666666666,40.37437500000001,0.4858771191638721,0.9490967738210794
420543345,420542542,4.176,0.21,0.053,-74.82947916666669,40.37343750000001,0.4867386436703944,0.938508183663116
420542934,420542543,0.138,0.419,0.138,-74.82478174603176,40.37367063492064,0.4507749123685871,1.5179263994985646
420543346,420542542,0.073,0.117,0.073,-74.82685606060606,40.37306818181817,0.458971437391296,1.6960258544950944
420542129,420543148,0.138,0.419,0.138,-74.83418650793652,40.37791666666666,0.4515571538508347,1.534237814467282
420542543,420541928,4.571000000000001,0.233,0.079,-74.82572916666668,40.37729166666667,0.4823103800099931,0.9346382885132172
420541925,420541926,0.474,0.701,0.204,-74.8455510752688,40.37848118279569,0.4491271287469629,1.172289610658038
420541928,420541322,4.899000000000001,0.233,0.059,-74.82606481481484,40.37912037037037,0.4907428441259761,0.9201098509206584
420541926,420541927,0.6779999999999999,0.071,0.014,-74.84249999999999,40.38,0.4538936780028385,1.173698944501178
420541530,420541927,0.033,0.233,0.033,-74.84141666666667,40.38141666666668,0.4514562564141292,1.6791943516117196
420541320,420541926,0.19,0.562,0.19,-74.84679597701148,40.38130747126437,0.4466360981785465,1.4087532081003369
420540506,420539880,0.413,0.937,0.413,-74.83925264550264,40.38311507936508,0.4559141782828945,1.1826294954511252
420540715,420540284,0.105,0.326,0.105,-74.83000000000003,40.38273809523812,0.4539511874331047,1.623431128512943
420539880,420540507,0.78,0.375,0.262,-74.83385416666668,40.3845,0.4680133744699223,1.1968553293001218
420540076,420539880,0.105,0.213,0.105,-74.83697916666665,40.38640625,0.4513567773014487,1.6130184065370647
420539881,420540507,0.079,0.117,0.079,-74.83215277777776,40.38763888888888,0.4537689800537822,1.6388548800211429
420536148,420536149,0.347,0.982,0.347,-74.85596698113207,40.39992924528302,0.456477731721206,1.2054368313032984
420536765,420536549,1.5299999999999998,0.117,0.027,-74.84625,40.400208333333325,0.4888702524265415,1.191647741337288
420536149,420536765,0.919,0.491,0.184,-74.84994047619044,40.40127976190476,0.4700386487862195,1.2149781195894835
420534719,420536549,0.321,0.696,0.321,-74.84686224489793,40.40596088435375,0.4605945354524537,1.245331073045581
420535930,420536149,0.388,0.117,0.014,-74.85125000000001,40.40416666666667,0.4555139845989897,1.23074141749008
420535531,420535930,0.243,0.679,0.243,-74.85591216216216,40.40447072072071,0.453504681079096,1.4182372544995037
420534926,420535930,0.131,0.21,0.131,-74.85120833333335,40.40666666666667,0.4546724051931016,1.537993917963887
420537156,420537157,0.289,0.491,0.289,-74.85327651515153,40.39689393939394,0.4544959461182313,1.2242908445695324
420537157,420536765,0.584,0.35,0.105,-74.84749999999998,40.39786458333333,0.4562986023449445,1.1829692092021562
420537773,420537157,0.19,0.442,0.19,-74.85021551724138,40.394497126436775,0.4506214825967694,1.4028805149613106
420538573,420539664,0.21,0.583,0.21,-74.85440104166665,40.39101562499999,0.4469606100491749,1.3957433638213748
420539247,420540713,0.328,0.188,0.328,-74.85771666666666,40.388366666666656,0.4477021906884938,1.1946402590053702
420539248,420539664,0.073,0.21,0.073,-74.85132575757575,40.38988636363636,0.4505825519817665,1.6761694314302134
420539442,420539249,5.776000000000001,0.375,0.184,-74.84782738095238,40.38702380952382,0.49595248285137,0.8952448773949426
420539664,420540282,0.349,0.326,0.066,-74.85150000000002,40.3875,0.4502263027320752,1.1906360772318036
420540281,420540505,0.118,0.304,0.118,-74.85902777777778,40.38578703703703,0.4458333317619987,1.5026750372593278
420540282,420539442,5.546,0.304,0.125,-74.85037280701756,40.38418859649124,0.4919501687845414,0.887619271755555
420540505,420540713,4.73,0.375,0.236,-74.85405092592592,40.382615740740725,0.4830765610402603,1.0353034611301155
420540713,420540282,5.072,0.071,0.014,-74.85249999999999,40.38499999999999,0.4873648669844499,0.8948256546355426
420540714,420539442,0.046,0.186,0.046,-74.84839285714285,40.38422619047618,0.4541741815877376,1.6674636785650754
420541319,420540505,4.376,0.233,0.059,-74.85671296296296,40.38143518518519,0.4819381957105925,0.8860056062174446
420542127,420542126,0.269,0.606,0.269,-74.85397357723578,40.37616869918699,0.4458044016893413,1.3826697348683417
420542128,420541925,0.145,0.284,0.145,-74.85041666666665,40.37761363636363,0.4447481246277111,1.4469082478804434
420542541,420542126,3.423,0.233,0.099,-74.85975,40.37658333333332,0.4834143779831854,0.9567665893469486
420542931,420542541,2.648,0.302,0.079,-74.85812500000002,40.37534722222224,0.4759421152836046,0.9891110737272376
420542932,420541925,0.125,0.397,0.125,-74.84932017543859,40.37462719298246,0.4480005224515788,1.5235496511074649
420540717,420541726,0.414,0.373,0.118,-74.78361111111109,40.38236111111111,0.4531374060482322,1.2204101354016186
420540716,420541726,0.164,0.466,0.164,-74.78825,40.383350000000014,0.4587152285041702,1.459125803973746
420540079,420540717,0.158,0.35,0.158,-74.78621527777777,40.38572916666668,0.458593442117189,1.460654457014679
420539886,420540717,0.138,0.326,0.138,-74.78311507936509,40.386408730158735,0.4591921790264486,1.5166786533143726
420538578,420539026,2.974,0.375,0.177,-74.78770061728397,40.391033950617285,0.4805948693952423,1.0417410408958432
420538811,420538578,0.079,0.188,0.079,-74.78541666666665,40.39159722222222,0.4588292128944343,1.651957182257569
420538160,420538578,2.718,0.21,0.053,-74.78895833333333,40.39479166666669,0.4823461398860958,1.053251637779542
420537982,420538160,2.429,0.258,0.066,-74.78516666666665,40.39525,0.4794013620373911,1.068232167949096
420538387,420537982,0.112,0.117,0.112,-74.78311274509801,40.3926225490196,0.4593223590441088,1.6208773582913516
420536556,420538160,0.236,0.395,0.236,-74.7867824074074,40.398842592592594,0.4592415179436085,1.428340329083292
420537375,420537982,2.251,0.304,0.164,-74.78231666666667,40.39601666666666,0.4776644200039187,1.203268021693184
420537777,420537375,0.105,0.188,0.105,-74.77890625000002,40.39552083333334,0.4590918847470531,1.6218018773729923
420536151,420537375,1.982,0.233,0.158,-74.78104166666665,40.40065972222223,0.4833034535637114,1.1920979195496293
420540510,420540078,5.683000000000002,0.35,0.092,-74.80113095238093,40.38482142857143,0.4938061213516068,0.9138809866511304
420539444,420540919,1.93,0.583,0.184,-74.80988095238095,40.386904761904766,0.4880682959828398,1.1856505889524296
420540920,420540510,0.059,0.117,0.059,-74.79856481481481,40.38356481481482,0.4587935830894167,1.693196949536661
420540286,420540510,5.532000000000002,0.188,0.138,-74.79664682539683,40.38478174603175,0.4925716153276488,0.9212106189460812
420540285,420540508,8.841999999999999,0.117,0.014,-74.81500000000001,40.38666666666667,0.4772981696970415,0.5746202027361356
420539445,420540286,0.092,0.304,0.092,-74.80095238095234,40.38827380952381,0.4615570398002434,1.6506578410505754
420539665,420540286,5.302000000000001,0.421,0.23,-74.79627380952381,40.3877261904762,0.4896257242648026,0.9472138239520468
420539025,420540285,0.177,0.513,0.177,-74.81282407407407,40.38924382716049,0.4579665005189978,1.4340285531849233
420539885,420539446,0.118,0.304,0.118,-74.79097222222224,40.38726851851853,0.4590933637458314,1.539569667265679
420538575,420539444,1.556,0.7,0.321,-74.80497448979592,40.390450680272096,0.4863329120599561,1.216607595420091
420538385,420539444,0.19,0.559,0.19,-74.80923850574712,40.39193965517239,0.4589846904676053,1.4294363065019509
420539446,420539665,4.941000000000001,0.188,0.053,-74.79416666666665,40.389444444444415,0.4855534215789062,0.9189212534638458
420538576,420539665,0.131,0.21,0.131,-74.797125,40.391375,0.4606484445321845,1.517793015585385
420539253,420539446,4.7700000000000005,0.117,0.014,-74.79333333333331,40.38999999999998,0.4820300845344977,0.9471190090314676
420539026,420539253,4.6770000000000005,0.188,0.099,-74.79025000000003,40.38986111111112,0.4830362567306039,0.9385035981310258
420538577,420539253,0.079,0.093,0.079,-74.7942361111111,40.39249999999999,0.4571142372932903,1.6618126144565526
420536966,420539026,1.604,1.117,0.269,-74.79110772357724,40.39602642276423,0.4868516041912512,1.189858665503566
420537775,420538575,0.158,0.304,0.158,-74.80590277777777,40.39513888888889,0.4577212608163338,1.4429349248870025
420538386,420538575,1.077,0.233,0.073,-74.80125,40.39306818181818,0.4840730913503354,1.2100511765759037
420537374,420538810,7.908999999999999,0.442,0.164,-74.81468333333332,40.39524999999999,0.483342053307489,0.7132216857799143
420536767,420538386,0.951,0.117,0.171,-74.79929487179487,40.39708333333333,0.475838806707618,1.190870550752954
420537776,420538386,0.053,0.117,0.053,-74.80333333333334,40.395625,0.4569799055649852,1.6812414672378688
420536554,420536767,0.223,0.744,0.223,-74.8019362745098,40.39879901960785,0.4583018943371396,1.4184554234630815
420535734,420536767,0.557,1.517,0.557,-74.79539705882353,40.399044117647065,0.4589240765057787,1.1820311886916088
420537160,420537374,7.082999999999999,0.562,0.256,-74.81095720720721,40.39751126126127,0.4935076998897314,0.7671789751475133
420536365,420537160,6.721999999999999,0.491,0.171,-74.80599358974361,40.40032051282053,0.4898080517088695,0.8406452997416348
420536364,420537160,0.105,0.302,0.105,-74.80942708333336,40.40140625000001,0.4576631155527279,1.6215262050680082
420536555,420536966,0.027,0.304,0.027,-74.79145833333335,40.40083333333335,0.4560884543041215,1.6813082191235054
420535733,420536365,0.105,0.21,0.105,-74.80692708333333,40.40395833333334,0.4580427531217253,1.619831866230539
420535932,420536365,6.445999999999999,0.421,0.112,-74.80223039215684,40.40281862745098,0.4900712510573587,0.8198214524378434
420534929,420535932,0.236,0.446,0.236,-74.80437500000002,40.406296296296304,0.4586200630179068,1.4151565658184777
420535139,420535932,6.097999999999999,0.653,0.295,-74.79832364341081,40.405474806201525,0.4901214695158475,0.8446939887838039
420534930,420535735,0.125,0.233,0.125,-74.79282894736842,40.4068201754386,0.4564145770265191,1.5264746477074682
420540284,420540077,1.109,0.233,0.086,-74.82714743589744,40.38548076923075,0.4873916633592181,1.2074691495987762
420540283,420539249,0.079,0.21,0.079,-74.84444444444443,40.38569444444444,0.4539393231006474,1.6216145321365962
420539882,420540077,13.059,0.117,0.007,-74.82708333333333,40.38875,0.4667163871578286,0.5338587464345096
420539249,420539250,6.091,0.491,0.236,-74.8446759259259,40.3892361111111,0.4952783380887838,0.8379101863432132
420539251,420539882,12.999,0.304,0.138,-74.82922619047618,40.38938492063492,0.4679324612150117,0.5318897099038183
420539443,420539250,0.125,0.21,0.125,-74.83993421052632,40.38831140350877,0.4515791538863334,1.513771996880334
420539250,420538574,6.243,0.117,0.027,-74.84166666666667,40.39041666666667,0.4910696730500521,0.8168969506512612
420538574,420538159,6.8,0.633,0.236,-74.83784722222222,40.39180555555555,0.4894676500233824,0.841533233068771
420537980,420538574,0.321,0.562,0.321,-74.84492346938775,40.3933418367347,0.451824311260703,1.2078406313592769
420538159,420538808,12.349,0.375,0.177,-74.83365740740743,40.39229938271606,0.4679895172265381,0.5342083640714084
420537981,420538159,5.372,0.186,0.033,-74.83441666666667,40.395416666666655,0.4893981473958877,0.91992274380489
420537559,420537981,2.84,0.446,0.158,-74.83788194444443,40.39604166666665,0.4782819509999954,0.9998601044142686
420537372,420537981,2.499,0.302,0.092,-74.83392857142857,40.39738095238096,0.4812765898670287,1.0469721328594104
420537371,420537559,2.57,0.188,0.04,-74.84083333333332,40.396805555555545,0.4778148446903469,1.015620766760617
420537558,420537371,0.092,0.188,0.092,-74.84273809523812,40.39660714285716,0.4572006877450965,1.6299469291206687
420536362,420537559,0.112,0.419,0.112,-74.83757352941176,40.40017156862746,0.4576103971589968,1.635252217056879
420536965,420537371,2.438,0.21,0.053,-74.84114583333334,40.399375,0.4830538450562732,1.054464644455441
420536551,420537372,2.138,0.466,0.164,-74.83138333333333,40.39995000000001,0.4857559513855545,1.1942988653817488
420535341,420537372,0.269,0.86,0.269,-74.83505081300812,40.402997967479685,0.4586259384539563,1.4192687562788882
420536964,420536766,0.066,0.188,0.066,-74.8445,40.39849999999999,0.4548172165038239,1.6861028742306692
420536766,420536965,2.188,0.117,0.033,-74.84241666666667,40.40024999999999,0.4794345128990245,1.1875256843599644
420535340,420536965,0.197,0.768,0.197,-74.83911111111114,40.40369444444445,0.4586259384539563,1.4341950085572253
420536550,420536766,2.0889999999999995,0.117,0.014,-74.84416666666668,40.40083333333335,0.4801105767570588,1.1698890102837027
420536549,420536550,1.904,0.213,0.053,-74.84500000000001,40.401250000000005,0.4861659120345839,1.1636300402286304
420535533,420536551,1.7639999999999998,0.375,0.158,-74.8280902777778,40.40267361111114,0.4883764828871716,1.1903155651471362
420535532,420536550,0.171,0.302,0.171,-74.84259615384616,40.40458333333335,0.4590081919419924,1.43705433651443
420536552,420535533,0.066,0.117,0.066,-74.82525,40.400916666666674,0.4531862861521122,1.7015583999526394
420535931,420535533,1.5399999999999998,0.117,0.027,-74.82625,40.403958333333335,0.4859502266673046,1.2344344239015823
420536150,420535931,0.014,0.071,0.014,-74.825,40.403333333333336,0.4586674210626285,1.6918482409739368
420535732,420535931,1.499,0.117,0.073,-74.82382575757576,40.40367424242425,0.4881393417549023,1.2253360636783903
420537162,420537161,0.092,0.188,0.092,-74.77541666666666,40.39785714285714,0.4589515939947629,1.6474362453357234
420536967,420536151,1.725,0.188,0.066,-74.77816666666668,40.39783333333334,0.4881227318941232,1.1970430620958838
420536367,420536151,0.099,0.304,0.099,-74.78313888888891,40.40091666666668,0.4601543145627804,1.6498994942555365
420537161,420536967,1.58,0.071,0.014,-74.7775,40.39916666666666,0.4890097654591008,1.225276538757735
420536768,420537161,1.474,0.117,0.027,-74.77708333333332,40.40062499999999,0.4892135860021266,1.2412088810021444
420535933,420536967,0.079,0.186,0.079,-74.77944444444444,40.402638888888895,0.4599743583731907,1.657644909564905
420536366,420536966,1.3079999999999998,0.326,0.079,-74.78986111111111,40.40145833333333,0.4869544791066404,1.2028632618385129
420536557,420536768,1.368,0.188,0.066,-74.77611111111115,40.401527777777794,0.4901536379818967,1.236134348611464
420535736,420536768,0.079,0.233,0.079,-74.778125,40.40368055555555,0.4595320391734818,1.6535064744703614
420536769,420536557,0.04,0.071,0.04,-74.77333333333333,40.399722222222216,0.4597215501636885,1.6920401552826032
420535737,420536557,1.262,0.233,0.125,-74.77467105263158,40.40282894736843,0.4878733867137466,1.2494785935291115
420536558,420535737,0.151,0.188,0.151,-74.77023550724638,40.4010688405797,0.4587050426723664,1.4869323260776293
420535735,420536366,0.8949999999999999,0.35,0.086,-74.79041666666664,40.403942307692304,0.4763864401911579,1.1920815844058057
420534522,420536366,0.334,0.866,0.334,-74.78396241830062,40.405678104575145,0.4597546928799403,1.2197129352913467
420535934,420535737,0.986,0.117,0.027,-74.77270833333331,40.40375,0.478692229495729,1.2342494145276817
420534933,420535738,0.308,0.516,0.308,-74.76800531914894,40.40454787234044,0.4613728407788816,1.2617948833967394
420535738,420535934,0.651,0.117,0.04,-74.77138888888888,40.404027777777785,0.4593317800523152,1.218489047206817
420534299,420535934,0.308,0.863,0.308,-74.77784259259262,40.4079351851852,0.4623046663549687,1.2608209890299509
420535535,420535735,0.6839999999999999,0.093,0.014,-74.79083333333332,40.40583333333333,0.4661106937132567,1.1917759005863098
420535141,420535738,0.303,0.326,0.059,-74.77180555555557,40.40671296296297,0.4614606704790261,1.2602811250398676
420534931,420535535,0.486,0.421,0.125,-74.78752192982458,40.406776315789465,0.4579301753393638,1.1910532869831405
420533901,420535535,0.184,0.696,0.184,-74.78916666666669,40.41005952380954,0.456023686332718,1.423058998937314
420535140,420535141,0.033,0.071,0.033,-74.77408333333332,40.40758333333333,0.458947615337481,1.69505840009461
420534523,420535141,0.211,0.326,0.079,-74.77145833333334,40.40951388888888,0.4578490794451755,1.4413474655583178
420534932,420534931,0.073,0.35,0.073,-74.78435606060606,40.40882575757576,0.4577981020085602,1.6845958399447754
420533111,420534931,0.288,0.535,0.288,-74.78422348484848,40.4124053030303,0.4601179278565276,1.2505126821290933
420534301,420534523,0.02,0.093,0.02,-74.77236111111111,40.41097222222221,0.4558001453131253,1.698355465686111
420534300,420534523,0.112,0.375,0.112,-74.77492647058821,40.41007352941176,0.4561248816774679,1.6246978434237551
420534521,420535139,2.267,0.21,0.059,-74.79847222222222,40.40976851851851,0.4740223777081614,1.1559529006050693
420533899,420535139,3.535999999999999,0.537,0.164,-74.79505,40.41025,0.4820885138072027,0.9597994339243404
420534721,420534521,0.053,0.117,0.053,-74.80104166666666,40.40875,0.4577267218320489,1.6792415692676252
420533898,420534521,2.155,0.302,0.092,-74.79904761904761,40.41148809523808,0.4740420055265561,1.1629753049257034
420534298,420533899,0.046,0.071,0.046,-74.79196428571429,40.41029761904762,0.4574007123997643,1.6790233137151795
420533900,420533899,3.325999999999999,0.117,0.027,-74.79270833333332,40.41208333333332,0.484261944416364,0.9985389377639484
420533109,420533705,0.158,0.233,0.158,-74.81253472222221,40.41423611111112,0.4574456948306689,1.466312758808098
420533706,420533707,0.19,0.562,0.19,-74.80739942528736,40.41176724137932,0.4604253440365808,1.4392912185739384
420533897,420533288,0.118,0.326,0.118,-74.80467592592592,40.41004629629629,0.4574790023246615,1.5384230403562973
420533289,420533900,0.059,0.093,0.059,-74.79374999999999,40.41449074074074,0.4580090245199009,1.6790233137151795
420533492,420533898,1.755,0.233,0.086,-74.80214743589741,40.41189102564102,0.4878733076854033,1.1619082555572882
420532897,420533900,3.24,0.583,0.315,-74.7904340277778,40.41586805555556,0.4829650474730221,1.013881299628772
420532309,420533898,0.308,0.698,0.308,-74.79612588652483,40.41587765957448,0.4602425453235227,1.2315314769686725
420533288,420533492,0.6900000000000001,0.142,0.04,-74.80291666666665,40.41416666666667,0.4617794531281974,1.1869316003465595
420533707,420533288,0.532,0.071,0.014,-74.80416666666669,40.41375000000001,0.4572708559531826,1.1851195906204273
420533110,420533492,0.979,0.186,0.04,-74.80187499999995,40.41562499999999,0.4762207810274099,1.2017208826134675
420532308,420533707,0.328,0.537,0.328,-74.80765000000002,40.416700000000006,0.4615569909090333,1.2496064474483424
420532112,420533110,0.125,0.21,0.125,-74.80405701754388,40.41844298245613,0.4580145962182034,1.5297405975168683
420532527,420533110,0.814,0.326,0.086,-74.79983974358974,40.41714743589745,0.4722944261504955,1.189862526074787
420531685,420532527,0.125,0.35,0.125,-74.80195175438597,40.42054824561404,0.4569707130274388,1.53063117422794
420530479,420532527,0.603,1.074,0.603,-74.79499094202895,40.422454710144926,0.4579794032196062,1.186292843510018
420533896,420533705,0.086,0.213,0.086,-74.81054487179489,40.41112179487181,0.4589881280886277,1.6536908840352895
420533290,420532897,0.072,0.233,0.072,-74.78662878787878,40.41450757575759,0.4552997262760946,1.6814065884625786
420532310,420532897,2.853,0.326,0.079,-74.78777777777779,40.41833333333333,0.4777395227586529,1.0173241803903972
420532311,420532310,0.164,0.258,0.164,-74.78408333333333,40.41788333333334,0.4568449237546083,1.4569682836625226
420531686,420532310,2.6099999999999994,0.326,0.151,-74.7871920289855,40.42096014492751,0.4749633309626981,1.0222168169697228
420531492,420531686,2.177,0.117,0.02,-74.78430555555556,40.42125000000002,0.4731217000215471,1.1693680949619647
420530053,420531686,0.282,0.839,0.282,-74.78869186046512,40.42568798449612,0.4601470772623243,1.301126574025624
420531493,420531492,1.122,0.142,0.033,-74.78291666666667,40.42191666666668,0.4823088425294071,1.2339115430380767
420531687,420531493,0.033,0.071,0.033,-74.78141666666666,40.42091666666666,0.4565329143872676,1.697523708725762
420530257,420531493,1.0559999999999998,0.421,0.216,-74.78013888888891,40.42385101010102,0.4811278304785076,1.2467417006897197
420530054,420531492,1.035,0.696,0.177,-74.78322530864196,40.42587962962963,0.4791191796416512,1.2387488296339746
420531282,420530257,0.099,0.304,0.099,-74.77680555555558,40.42291666666668,0.460129943396723,1.6492008420702189
420529852,420530257,0.7409999999999999,0.583,0.295,-74.7759537037037,40.42663888888888,0.4688889646995902,1.229231332283455
420529642,420529852,0.158,0.233,0.158,-74.77229166666667,40.42788194444445,0.4555448018384496,1.4764935705332654
420529424,420530054,0.131,0.233,0.131,-74.78570833333335,40.428625,0.4608266995418721,1.5211333347438227
420527779,420530054,0.727,1.541,0.727,-74.77913288288293,40.43341216216218,0.4584739606096445,1.2254512076461874
420528175,420529852,0.288,0.627,0.288,-74.77316287878787,40.43276515151515,0.4478087392114666,1.2833944710572245
420559164,420558550,0.053,0.093,0.053,-74.77041666666668,40.3103125,0.4557405537892132,1.7515580474596193
420558550,420558335,0.283,0.234,0.059,-74.77097222222223,40.31236111111111,0.4589096325810738,1.274664131399644
420558551,420557887,0.25,0.397,0.25,-74.76535087719299,40.311885964912285,0.4636143920556011,1.4444218080890177
420558335,420557887,0.396,0.117,0.014,-74.77,40.31416666666666,0.4563553453245761,1.1654673055030265
420556820,420555787,0.413,1.001,0.413,-74.76035052910058,40.31580026455027,0.4629089734628603,1.1714255855677174
420557887,420557667,0.764,0.21,0.118,-74.76662037037038,40.31467592592592,0.4743495769995331,1.173351817269415
420557264,420557048,0.191,0.559,0.191,-74.75662356321837,40.3155316091954,0.4679308483659596,1.4738972420458427
420557666,420557667,0.02,0.071,0.02,-74.77124999999998,40.31708333333334,0.4423023533981324,1.7507911673795116
420557667,420556419,0.8170000000000001,0.117,0.033,-74.7720833333333,40.31708333333332,0.4595205857158241,1.157348933662406
420556418,420556419,0.295,0.492,0.295,-74.7705277777778,40.31913888888889,0.4450627376042494,1.2063982349405822
420556419,420555787,1.388,0.725,0.276,-74.76476190476193,40.3189880952381,0.4849867617877789,1.1583896362048574
420555787,420555788,1.959,0.375,0.158,-74.76083333333335,40.32243055555556,0.4839933096942648,1.132084999441464
420556420,420555788,0.027,0.234,0.027,-74.75666666666666,40.32104166666667,0.4576183142763767,1.7479982876037876
420555788,420554048,2.065,0.234,0.079,-74.75777777777776,40.32298611111111,0.4805879228783567,1.13916595023767
420554046,420554047,0.453,1.167,0.453,-74.76182971014492,40.32629830917876,0.4375361939757762,1.1565342676612136
420560038,420559600,0.335,1.022,0.335,-74.7855473856209,40.30327614379083,0.4572215763205576,1.177808818758388
420560039,420559601,0.289,0.813,0.289,-74.78100378787879,40.3035606060606,0.4606840621264614,1.2151222526795658
420560040,420559602,0.118,0.35,0.118,-74.77814814814816,40.30601851851853,0.4598259164960262,1.5513843884431993
420559163,420559602,0.295,0.679,0.295,-74.77575000000002,40.30815740740741,0.4620901068908222,1.2152130409934307
420559602,420559601,0.4659999999999999,0.213,0.053,-74.78083333333333,40.30885416666666,0.4521792492577296,1.159534155508946
420559601,420559600,0.7689999999999999,0.071,0.014,-74.78250000000001,40.30916666666668,0.4620699935099505,1.1552274779574394
420559600,420558983,1.15,0.21,0.046,-74.7832738095238,40.30922619047619,0.4810142669434434,1.1756019281542234
420559599,420558983,0.7360000000000001,0.117,0.027,-74.78541666666666,40.30916666666669,0.4491674135119354,1.162394145606657
420558983,420558118,1.952,0.302,0.066,-74.78466666666668,40.311,0.4726933336265069,1.131682127042605
420558774,420558550,0.171,0.304,0.171,-74.77349358974358,40.31070512820514,0.4577862147071869,1.4615703922000138
420558334,420557047,0.191,0.629,0.191,-74.78076149425287,40.31225574712644,0.4520674377389023,1.4545851285298976
420558773,420558118,0.225,0.188,0.027,-74.78708333333333,40.31208333333333,0.4370694095554467,1.4479584539816686
420558118,420557047,2.263,0.35,0.086,-74.78503205128204,40.31375,0.4591765561378119,1.1414774255855027
420558119,420558335,0.099,0.259,0.099,-74.77291666666666,40.31471153846154,0.4575860784037585,1.6960450786867496
420557046,420557047,0.184,0.33,0.184,-74.78645833333331,40.31735119047619,0.4387784421828415,1.4563799335153098
420557665,420556818,0.204,0.492,0.204,-74.77686827956992,40.31522849462365,0.4528764045632521,1.452011664165919
420557047,420556818,2.815,0.397,0.177,-74.78183641975309,40.31637345679012,0.4659035616300879,0.9958861725126532
420559821,420559599,0.538,1.029,0.538,-74.79132113821139,40.30536585365854,0.4552132389430978,1.1524719049700884
420559162,420559599,0.171,0.633,0.171,-74.79009615384614,40.309519230769205,0.4356872899337293,1.4582319380518531
420554048,420554047,3.11,0.837,0.4,-74.75436475409836,40.327616120218586,0.4569993681589052,0.9913316811821008
420554044,420553223,0.315,1.0,0.315,-74.76743055555553,40.32602430555554,0.43639953549696,1.1934038169223231
420553623,420553223,68.99,0.375,0.138,-74.7685119047619,40.33093253968253,0.4961263955602569,0.2900348630152869
420554045,420553223,0.066,0.304,0.066,-74.76366666666667,40.33025000000001,0.4337345040972463,1.7495221099041909
420554047,420551949,3.583,0.117,0.02,-74.75652777777778,40.330416666666665,0.4606883344194686,0.9598964217581184
420553419,420551949,70.83300000000001,0.259,0.066,-74.75733333333334,40.33266666666667,0.503127366417436,0.2972938414003901
420553223,420553011,69.444,0.188,0.073,-74.76708333333336,40.33321969696971,0.4968001522255634,0.2888547812196482
420551949,420551729,74.74400000000001,0.584,0.328,-74.75408333333336,40.33463333333333,0.4920935517397646,0.2727791305488504
420553011,420553419,69.891,0.567,0.256,-74.7619764957265,40.33272435897435,0.495944404317024,0.2850491574981745
420553012,420553419,0.8760000000000001,0.21,0.04,-74.7590277777778,40.33458333333334,0.4528732189208783,1.1482915705015428
420552144,420553011,0.191,0.511,0.191,-74.76616379310344,40.33647988505746,0.4370424083547359,1.4611252267028148
420552145,420553012,0.678,0.537,0.138,-74.76132936507936,40.3369246031746,0.4423656321526212,1.1547223055314595
420551728,420553012,0.158,0.559,0.158,-74.7579513888889,40.33815972222223,0.4308461390587854,1.470302118488359
420551344,420551729,0.243,0.419,0.243,-74.752759009009,40.33951576576576,0.4287291025660705,1.4407422799632623
420551343,420552145,0.073,0.234,0.073,-74.76071969696973,40.34034090909092,0.4382183652066147,1.7392084553224596
420550314,420552145,0.204,0.815,0.204,-74.76550287356321,40.3426867816092,0.4389596635700326,1.4615297640596463
420550517,420550315,0.308,0.542,0.308,-74.75726063829784,40.34353723404255,0.4362697889104746,1.1947280517611718
420549517,420550315,0.282,0.537,0.282,-74.75576550387596,40.34766472868217,0.4338287529863855,1.2642493927887912
420556000,420554048,0.645,0.397,0.138,-74.7535119047619,40.32303571428572,0.460847391941292,1.1487810185598972
420556222,420556000,0.118,0.234,0.118,-74.7515277777778,40.31962962962962,0.4549994276209191,1.541892632449259
420556612,420556000,0.389,0.302,0.059,-74.75467592592592,40.32013888888889,0.456377596110091,1.1641346377904704
420556821,420556612,0.033,0.117,0.033,-74.75308333333334,40.31908333333334,0.4549994276209191,1.7495463214249487
420557048,420556612,0.297,0.117,0.027,-74.75562500000002,40.318750000000016,0.4559496051023396,1.207370852807531
420557486,420557048,0.079,0.21,0.079,-74.75374999999998,40.316527777777765,0.4689431510242418,1.7251126636944738
420557052,420557893,119.74499999999996,0.487,0.151,-74.68461956521736,40.31842391304345,0.4834065494912354,0.2780009680460854
420556617,420557052,0.789,0.093,0.014,-74.68458333333335,40.32083333333334,0.4731972117120931,1.2320007607542065
420556226,420557052,118.80499999999996,0.421,0.099,-74.68219444444446,40.32136111111112,0.4813910831920149,0.2827734062168912
420556004,420556617,0.342,0.326,0.046,-74.68410714285716,40.32267857142857,0.4614224232872715,1.263466656701202
420555789,420553826,0.191,0.559,0.191,-74.7487212643678,40.32179597701148,0.4605597275180368,1.4656465606638749
420555313,420553826,0.158,0.421,0.158,-74.74548611111113,40.32322916666666,0.4614305965512295,1.486024809749282
420554685,420554050,0.092,0.21,0.092,-74.71011904761905,40.32720238095238,0.4740052210093008,1.694850205972018
420553420,420554050,0.295,0.375,0.295,-74.71278703703703,40.33086111111112,0.4775614112953946,1.2409904658721085
420554050,420553226,0.5640000000000001,0.421,0.177,-74.70671296296294,40.32998456790124,0.4881034403514916,1.1771660914968414
420553421,420553226,0.053,0.188,0.053,-74.70802083333335,40.33322916666667,0.4812766184327839,1.7261994919446222
420555549,420556617,0.433,1.097,0.433,-74.69044191919191,40.32195707070706,0.4611977366703707,1.2363563154483344
420554902,420556004,0.171,0.421,0.171,-74.68836538461537,40.32506410256409,0.4695902582209755,1.4666117934135818
420554686,420554051,0.335,0.746,0.335,-74.69832516339868,40.32587418300654,0.4870925351650513,1.210073477370212
420553422,420554051,0.485,1.216,0.485,-74.70156531531529,40.32948198198199,0.4859271397910285,1.1794967849970184
420554265,420553017,0.145,0.326,0.145,-74.69208333333331,40.3280303030303,0.4833805111470619,1.5124903850436118
420554051,420553017,0.899,0.234,0.079,-74.69479166666666,40.329375,0.5000344478856643,1.1854275253890392
420553017,420553227,1.254,0.726,0.21,-74.69359374999999,40.3334114583333,0.5158933949310045,1.1905608040321602
420553423,420553227,0.125,0.443,0.125,-74.69024122807018,40.33089912280702,0.4707134577990705,1.576146352646956
420553226,420551956,0.7420000000000001,0.467,0.125,-74.70445175438596,40.3331798245614,0.493301628047488,1.182995493641352
420553227,420552580,1.458,0.117,0.079,-74.68881944444446,40.33305555555556,0.509973996833222,1.1917454884817975
420552580,420553018,116.49499999999996,0.284,0.105,-74.6873958333333,40.33546874999998,0.5012170261862219,0.3105183137416499
420552362,420552580,114.93199999999996,0.234,0.059,-74.69023148148148,40.33680555555555,0.4989050507269845,0.2892796589628832
420551956,420551731,2.297,0.937,0.42,-74.69859374999997,40.33619791666666,0.5042954757684515,1.1462415497469816
420551732,420552362,0.138,0.117,0.138,-74.68799603174602,40.338710317460325,0.4875288918502575,1.5172883992318646
420551731,420552362,114.73499999999994,0.421,0.125,-74.69269736842105,40.338311403508776,0.5021010829674144,0.2919231498313407
420551955,420551347,0.269,0.912,0.269,-74.70344512195122,40.34084349593496,0.4771479360746523,1.3925461031241846
420551347,420551731,0.545,0.4,0.112,-74.69693627450981,40.34051470588235,0.4893124160493812,1.170288405539099
420550923,420551731,111.76799999999994,0.513,0.295,-74.69341666666668,40.34275000000001,0.4996097945532378,0.2632062131416898
420550725,420551347,0.164,0.492,0.164,-74.70088333333334,40.34241666666666,0.4506975812360838,1.4116790033267284
420551148,420550923,0.282,0.658,0.282,-74.68549418604647,40.34154069767441,0.4903146537436577,1.2645165950600168
420553018,420552150,116.59999999999997,0.259,0.059,-74.68513888888891,40.33430555555556,0.4967723697058458,0.2928925419003521
420556421,420556226,0.059,0.071,0.059,-74.67912037037037,40.32124999999999,0.4701979546248173,1.7284590311247785
420555550,420556226,118.64699999999996,0.302,0.086,-74.67983974358977,40.32368589743591,0.4757499129799111,0.2840603129918553
420554903,420556004,0.125,0.278,0.125,-74.68595588235296,40.32605392156863,0.4697298081276262,1.5788673143929997
420555315,420555550,0.125,0.234,0.125,-74.6773903508772,40.32497807017545,0.4674539367205155,1.618736761332872
420555121,420555550,118.43599999999996,0.234,0.073,-74.6820075757576,40.32556818181819,0.4918754224458049,0.2751333214487983
420554904,420555121,118.22499999999997,0.234,0.04,-74.68083333333333,40.32749999999999,0.4934458128770033,0.2833563155258221
420554266,420555121,0.138,0.234,0.138,-74.68537698412699,40.32839285714287,0.4699527686036758,1.552658295502256
420554905,420554904,0.092,0.304,0.092,-74.67726190476192,40.32785714285716,0.4639190956727731,1.698000910602203
420554053,420554904,117.99399999999996,0.234,0.079,-74.67826388888889,40.32958333333333,0.49231633324777,0.2761477166843846
420554052,420554904,0.099,0.35,0.099,-74.68330555555558,40.33002777777779,0.4644480742077139,1.6970125986469806
420553624,420554053,0.073,0.188,0.073,-74.67814393939392,40.33170454545453,0.4617446879306395,1.7446572005832348
420553228,420554053,117.84199999999996,0.395,0.118,-74.68097222222225,40.33185185185185,0.4908708331843546,0.27591563349337
420552150,420553228,116.83699999999996,0.234,0.138,-74.68248015873016,40.33605158730158,0.4970962899903547,0.2890996120920126
420552581,420553228,0.887,0.608,0.21,-74.67747395833334,40.335286458333336,0.4992167870249022,1.1862344948763297
420553424,420552150,0.099,0.117,0.099,-74.68575,40.331916666666665,0.4690899783071853,1.682211304845
420552363,420553018,0.046,0.117,0.046,-74.68458333333331,40.33708333333333,0.4870328775631422,1.692347094507126
420550924,420552581,0.243,0.537,0.243,-74.67967342342344,40.33996621621623,0.4862047009236138,1.422678576556887
420554263,420553224,0.269,0.744,0.269,-74.74486788617885,40.32694105691056,0.4499367133304213,1.4387216655310056
420553826,420553224,0.5790000000000001,0.791,0.23,-74.74960714285713,40.3280119047619,0.4514316131716948,1.1527678730385342
420554264,420553013,0.118,0.21,0.118,-74.74203703703708,40.32828703703705,0.4478606092971694,1.5411299126970104
420553014,420552809,0.322,0.861,0.322,-74.73659013605442,40.33174319727891,0.4554166070788685,1.184004865483505
420553827,420553013,0.132,0.259,0.132,-74.74033333333333,40.32995833333334,0.4540244359774319,1.5213319650548751
420553013,420552579,0.323,0.559,0.073,-74.74382575757575,40.33299242424241,0.4482869767282409,1.18384801756943
420553224,420551950,1.025,0.535,0.177,-74.74677469135804,40.332669753086414,0.4715096661650264,1.1573851819787264
420553225,420552579,0.099,0.302,0.099,-74.7406388888889,40.33297222222221,0.4532458083115667,1.6836130622860206
420552147,420551529,0.341,0.909,0.341,-74.73115384615384,40.334487179487176,0.4432721002371318,1.172931257605335
420551729,420551950,75.23,0.425,0.243,-74.74899774774775,40.33710585585585,0.4890779455004566,0.2737945245641466
420553015,420551346,0.066,0.117,0.066,-74.73458333333333,40.3345,0.428425347054634,1.7371710874987372
420552579,420552146,0.475,0.326,0.053,-74.74197916666668,40.335625,0.4286467621668229,1.1498684706974007
420551950,420551951,76.459,0.608,0.204,-74.74485215053762,40.33748655913979,0.4838201520092665,0.2730193548510363
420551952,420551145,0.197,0.604,0.197,-74.7271111111111,40.335416666666674,0.4416829070884725,1.4460798453877688
420552809,420551346,88.6,0.071,0.014,-74.73750000000001,40.33624999999999,0.4901412935395933,0.271663441412846
420552146,420552809,88.264,0.375,0.125,-74.73914215686271,40.3376225490196,0.4901526544613239,0.2785677611631175
420551346,420551529,88.883,0.584,0.217,-74.73503787878786,40.33880050505051,0.4914112648535944,0.2755087759248995
420551951,420552146,87.565,0.117,0.014,-74.7425,40.33833333333335,0.4872994428140046,0.2602004204555357
420551345,420552146,0.099,0.234,0.099,-74.73797222222221,40.34052777777779,0.4286672314821552,1.6774427204896751
420551528,420551951,11.091999999999995,0.21,0.04,-74.74152777777778,40.34041666666668,0.453051094036929,0.5039787977550486
420551529,420551145,89.356,0.329,0.132,-74.730625,40.339375,0.4994672837410296,0.2669765428587431
420551145,420550922,89.84899999999999,0.304,0.073,-74.72814393939392,40.341174242424245,0.5066131995601015,0.2686106851467182
420550723,420551528,10.775999999999996,0.467,0.138,-74.74434523809522,40.34244047619047,0.4486448012676715,0.4936679415986843
420550317,420551145,0.223,0.443,0.223,-74.73225490196077,40.34375000000001,0.4285369427370282,1.405578167008231
420550518,420551528,0.276,0.772,0.276,-74.73902777777776,40.34361111111111,0.4295675362135154,1.395807144357458
420550921,420550723,0.164,0.375,0.164,-74.74838333333332,40.34198333333333,0.4328882514706187,1.470934604727907
420549717,420550922,0.236,0.63,0.236,-74.72974537037034,40.34604166666665,0.4344549540069399,1.3929344416694136
420550316,420550723,10.473999999999997,0.186,0.046,-74.74608333333333,40.34541666666664,0.4482134720502345,0.4892205766003876
420550315,420549910,0.78,0.588,0.19,-74.75078703703706,40.34483024691357,0.4467678727532501,1.1412817759636358
420549910,420550316,9.159999999999998,0.117,0.04,-74.74638888888889,40.34638888888889,0.4447952156734309,0.5275267816336989
420549138,420550316,1.2679999999999998,0.583,0.223,-74.7425980392157,40.34791666666666,0.4677886323713124,1.1560986666960358
420549137,420549910,8.339999999999998,0.395,0.158,-74.74680555555557,40.34868055555557,0.4508540214126427,0.6559910824218971
420549716,420549138,0.151,0.468,0.151,-74.73802536231882,40.34708333333332,0.4335138277388067,1.445322947880583
420551957,420552581,0.434,0.302,0.079,-74.67555555555555,40.33819444444445,0.4800612814169002,1.193319577227571
420551348,420551957,0.132,0.259,0.132,-74.67275000000001,40.340125,0.4664852121685436,1.5281359162725257
420550726,420551957,0.223,0.395,0.223,-74.67580882352938,40.34218137254901,0.4895024253323631,1.421336416413625
420552361,420551956,1.135,0.446,0.118,-74.70462962962964,40.33657407407407,0.5015081825211309,1.189216158138975
420552810,420552361,0.164,0.375,0.164,-74.70951666666667,40.33461666666667,0.4503825870380802,1.452425571523244
420551532,420552361,0.407,0.959,0.407,-74.71263440860214,40.3375940860215,0.4519209250407874,1.154764679431887
420552148,420551954,0.099,0.419,0.099,-74.72169444444442,40.336194444444445,0.4483980217833597,1.6760383678851087
420551953,420551954,0.145,0.35,0.145,-74.72443181818181,40.336666666666666,0.4488960166678402,1.473564779799308
420549912,420552361,0.446,1.329,0.446,-74.70787990196078,40.34316176470588,0.4537334192614655,1.1500819101977138
420552149,420551530,0.04,0.21,0.04,-74.72027777777777,40.33749999999999,0.4473334608315339,1.719769333844515
420551730,420551531,0.158,0.326,0.158,-74.71809027777775,40.33763888888889,0.4448657729351741,1.4565415649145033
420551530,420551146,0.331,0.188,0.04,-74.72124999999998,40.34,0.447185065011362,1.1752172666589944
420551531,420551530,0.251,0.117,0.02,-74.72013888888888,40.34097222222222,0.451281219823026,1.3968799860959351
420551954,420551146,0.258,0.093,0.014,-74.7225,40.33916666666668,0.4466686187035893,1.433530200272389
420551147,420551531,0.073,0.188,0.073,-74.7188425925926,40.342083333333335,0.434738293558327,1.6862499845495609
420551146,420550724,0.7070000000000001,0.419,0.118,-74.72286458333333,40.34177083333334,0.4430427396271554,1.15385431687056
420550922,420550724,90.177,0.234,0.092,-74.72589285714285,40.34130952380953,0.5071254336485957,0.273662002289488
420550519,420550101,0.177,0.535,0.177,-74.71621913580249,40.342669753086426,0.4401458158869787,1.399316675047593
420550724,420550099,90.911,0.117,0.027,-74.72499999999998,40.34374999999999,0.4945825157411028,0.2655072362255321
420549911,420550099,0.079,0.304,0.079,-74.72631944444443,40.34652777777777,0.4352567040447287,1.6334287656727775
420550099,420550100,91.10199999999998,0.35,0.112,-74.72272058823528,40.34492647058825,0.4987375902696933,0.2546280855447246
420549719,420550101,0.269,0.633,0.269,-74.71446138211381,40.345518292682925,0.4447469812373149,1.369171062564154
420550101,420549718,0.486,0.234,0.04,-74.7188888888889,40.34638888888888,0.4450818195273109,1.140812301653446
420549141,420548714,0.236,0.696,0.236,-74.71138888888886,40.34807870370369,0.4483956387022881,1.3839310311828898
420550100,420549718,91.45099999999996,0.117,0.073,-74.7204924242424,40.34518939393939,0.4972567636231322,0.2543522359212062
420548923,420550100,0.276,0.679,0.276,-74.72628968253969,40.34950396825398,0.4376421413732018,1.365801625745482
420549718,420549341,91.98999999999997,0.21,0.053,-74.72010416666667,40.3478125,0.4976429014959823,0.2530998231622598
420548924,420549341,0.112,0.142,0.112,-74.72316176470589,40.35075980392158,0.4418422522653669,1.608992833168545
420549341,420548487,92.17499999999995,0.21,0.073,-74.71844696969698,40.34935606060607,0.5027714621960073,0.2532503872444712
420548715,420548066,0.158,0.397,0.158,-74.70774305555555,40.35027777777777,0.4478202816641651,1.4236865262764735
420548486,420548487,0.099,0.188,0.099,-74.72163888888889,40.35258333333333,0.4463389870773697,1.6337966232226733
420548487,420548064,92.35999999999996,0.326,0.086,-74.71842948717953,40.35189102564104,0.5036613029032386,0.2544535740516155
420548714,420548066,95.40399999999995,0.117,0.033,-74.71541666666677,40.35458333333339,0.5022646465554268,0.2557972615876168
420548065,420548714,95.13499999999996,0.538,0.164,-74.71411666666667,40.353116666666665,0.5029382146799829,0.2548187670900245
420548488,420547873,0.223,0.35,0.223,-74.70416666666665,40.351323529411765,0.4524375568251128,1.4188443127025452
420548066,420547871,95.65399999999995,0.234,0.092,-74.71065476190476,40.3535119047619,0.5023101242685204,0.255406486689638
420550103,420550923,111.19099999999996,0.395,0.105,-74.68984374999998,40.34520833333333,0.5035821004965298,0.2939745728214279
420550318,420549914,0.099,0.188,0.099,-74.68252777777778,40.344472222222215,0.4869614226057577,1.6363990008709255
420550102,420549720,0.23,0.375,0.23,-74.6999880952381,40.345559523809534,0.4671732290040219,1.389310433831335
420549915,420549914,0.112,0.446,0.112,-74.68090686274509,40.34605392156862,0.487980934029747,1.6119759409734256
420549913,420550103,0.6709999999999999,0.188,0.04,-74.6911111111111,40.34708333333333,0.4771049613221552,1.1713116328119455
420549914,420549721,0.343,0.375,0.132,-74.6853333333333,40.34537499999998,0.4763066172035599,1.1923814366552352
420549721,420550103,110.41499999999996,0.234,0.079,-74.68805555555556,40.34715277777778,0.5082786949228646,0.2910312917702263
420549345,420549142,0.289,0.77,0.289,-74.67914772727273,40.347765151515134,0.4879154331074283,1.2295602269560195
420549720,420549913,0.5389999999999999,0.425,0.125,-74.69467105263158,40.34708333333333,0.4667574539024064,1.1474773299817582
420549342,420549720,0.184,0.446,0.184,-74.69985119047618,40.34857142857144,0.4656643487245194,1.3969150699332058
420549343,420549913,0.092,0.304,0.092,-74.69369047619047,40.34928571428572,0.467054567066945,1.6342713703416152
420548927,420549721,109.99299999999997,0.443,0.145,-74.68700757575756,40.34988636363635,0.5088423303631873,0.2911222814797035
420549143,420549142,0.086,0.329,0.086,-74.67785256410257,40.34939102564101,0.4888585825201421,1.6535934221152615
420548926,420548927,0.125,0.188,0.125,-74.69155701754386,40.35054824561403,0.4604969481513042,1.5223087086445353
420549344,420548267,0.02,0.117,0.02,-74.68458333333334,40.34958333333332,0.4782231252266162,1.682820921736886
420548928,420548068,0.079,0.326,0.079,-74.67694444444446,40.35062500000001,0.4700594794123041,1.64276631427088
420547875,420548267,8.706999999999999,0.329,0.138,-74.684623015873,40.3530753968254,0.4748537810338236,0.582645933342602
420549142,420547875,0.382,0.117,0.007,-74.68208333333332,40.35125,0.4745263925563658,1.1842451114508976
420548716,420548927,109.72299999999996,0.093,0.014,-74.68875,40.352500000000006,0.5083199150031621,0.2885219944537104
420548267,420548716,8.812999999999999,0.35,0.086,-74.68682692307691,40.35317307692308,0.4745611582911222,0.5792879369478194
420548925,420547441,0.046,0.117,0.046,-74.6967261904762,40.35113095238096,0.4586538920617827,1.694208835296929
420548489,420547875,8.187,0.117,0.014,-74.6825,40.35249999999998,0.4868071154595594,0.7248332794547251
420546628,420548716,100.89599999999996,0.696,0.249,-74.69008771929825,40.35594298245614,0.5052741755501946,0.2860443429369393
420548268,420548489,8.14,0.188,0.046,-74.68041666666667,40.3532738095238,0.4847797035493707,0.7296779849681586
420548266,420547441,99.37199999999996,0.188,0.033,-74.69825,40.35308333333332,0.5097159893703194,0.2602827467003825
420548069,420548068,0.6759999999999999,0.188,0.059,-74.67662037037037,40.35449074074075,0.4759500976019,1.1620052585657374
420548067,420548489,0.033,0.093,0.033,-74.68275,40.35458333333333,0.4721198815928651,1.686150106176975
420547873,420548266,99.30599999999995,0.492,0.21,-74.70046875000004,40.35317708333334,0.5071264932344964,0.2546965020390582
420548068,420548268,0.834,0.35,0.079,-74.67840277777779,40.35347222222222,0.4879471003008822,1.174374154268094
420547441,420547034,99.71299999999997,0.722,0.295,-74.69497222222218,40.35504629629628,0.5100657058554381,0.2602115033843748
420547874,420548266,0.033,0.093,0.033,-74.69791666666666,40.35541666666667,0.4606289594945861,1.7023430537647266
420547442,420548268,7.260000000000001,0.395,0.171,-74.68189102564104,40.3561858974359,0.4922937780989239,0.7563460191725431
420549139,420548922,0.171,0.446,0.171,-74.73657051282049,40.34948717948716,0.4372914653808573,1.3917330463600035
420549340,420549136,0.118,0.234,0.118,-74.75087962962964,40.349259259259256,0.4368885958233728,1.5378734359389852
420548922,420549138,0.8939999999999999,0.117,0.033,-74.74058333333333,40.35091666666666,0.4602092892062657,1.1443265486045884
420549136,420549137,8.036999999999999,0.117,0.014,-74.74916666666668,40.35041666666666,0.4571062351473235,0.7075651808648614
420548265,420549137,0.145,0.397,0.145,-74.74371212121211,40.35246212121212,0.4428008813092613,1.4355663575981732
420549140,420548712,0.092,0.234,0.092,-74.73255952380956,40.34982142857143,0.4374840150300789,1.6240304867313626
420548485,420549136,7.904999999999999,0.278,0.066,-74.74833333333332,40.35241666666666,0.4599550693916765,0.6978040048211329
420548063,420548922,0.69,0.513,0.164,-74.7386833333333,40.35334999999998,0.4483457544896686,1.1481612766420226
420548713,420548712,0.112,0.213,0.112,-74.73213235294118,40.35198529411765,0.4430759769117095,1.6088411723791909
420548712,420548063,0.244,0.234,0.04,-74.73555555555554,40.35236111111112,0.4437830326544408,1.373262151027443
420547870,420548485,6.677,0.326,0.066,-74.7495,40.355583333333335,0.4743053250124387,0.8263242634388669
420547029,420548485,1.162,1.028,0.505,-74.74318722943723,40.35707251082251,0.4722966767331025,1.1604401023886226
420547030,420548063,0.282,0.443,0.282,-74.7345833333333,40.35615310077519,0.4458055200394426,1.261729980967476
420547648,420547031,1.079,0.093,0.02,-74.72708333333333,40.35680555555555,0.4678513917457281,1.1701173962598204
420545989,420547870,0.289,0.744,0.289,-74.74676136363635,40.36034090909091,0.4487288922446431,1.2030288793323138
420546625,420547648,0.204,0.421,0.204,-74.73090053763441,40.3586693548387,0.4441509279641001,1.396966569087529
420545827,420547029,0.243,0.792,0.243,-74.73534909909907,40.36138513513513,0.4461396755037181,1.3940088274837383
420545990,420547029,0.414,0.535,0.171,-74.73990384615385,40.36173076923076,0.4477798804772527,1.1766907388859091
420544966,420546220,0.243,0.421,0.243,-74.73066441441442,40.36449324324324,0.4457840640500872,1.41439777064365
420545826,420545990,0.046,0.117,0.046,-74.74017857142857,40.3642261904762,0.4469809313601959,1.6830518001494894
420544965,420545990,0.197,0.513,0.197,-74.73538888888888,40.36569444444445,0.4443812209620926,1.3976916298322497
420544365,420545605,0.6960000000000001,1.008,0.466,-74.74433685446009,40.36736502347416,0.4564112873971763,1.166212835420524
420544537,420544365,0.105,0.329,0.105,-74.73713541666667,40.36770833333334,0.4513114958756948,1.6272161269870944
420544169,420544365,0.125,0.443,0.125,-74.73910087719297,40.36927631578948,0.4524587978182206,1.5221904475345345
420548718,420548069,0.413,0.934,0.413,-74.67093253968255,40.35192460317461,0.4859772250007752,1.189447566644429
420548717,420548069,0.204,0.443,0.204,-74.67358870967745,40.34942204301076,0.4881634017147187,1.4237854433935415
420547651,420547036,0.459,1.093,0.459,-74.66489285714286,40.353023809523805,0.4835902006312159,1.179615832686963
420547443,420547036,0.158,0.513,0.158,-74.66999999999999,40.35510416666666,0.4815067028324608,1.4422252839788654
420545996,420545385,0.354,0.863,0.354,-74.65626543209876,40.35930555555556,0.4833435931018136,1.2108499922922855
420547036,420546630,0.781,0.35,0.164,-74.66488333333335,40.35788333333336,0.4932347111984364,1.1793454211417385
420546630,420546629,3.0780000000000003,0.658,0.21,-74.67143229166668,40.359296875,0.4777132841579648,0.9855923474296348
420546631,420546222,0.105,0.326,0.105,-74.66161458333335,40.35927083333334,0.4757264692705051,1.6230131054419024
420546632,420545995,0.079,0.304,0.079,-74.65875,40.35999999999999,0.4759003888591262,1.6496149793743924
420546221,420546629,0.7549999999999999,0.234,0.033,-74.67358333333331,40.36175,0.479723999365807,1.1861337795709097
420545994,420546630,2.087,0.562,0.236,-74.66599537037037,40.36182870370371,0.4972021134902718,1.1461178352319576
420545607,420546629,2.8420000000000005,0.395,0.105,-74.67619791666664,40.36291666666667,0.4771912411876015,0.9889939702460112
420544968,420546221,0.164,0.142,0.164,-74.66931666666667,40.36405,0.464017512420829,1.435427556231871
420545995,420546222,0.965,0.142,0.046,-74.66136904761905,40.36184523809523,0.49485079993092,1.1733178577683931
420546222,420545994,1.09,0.117,0.02,-74.66236111111111,40.36208333333333,0.5023230553906346,1.1823847338868934
420545385,420545995,0.8400000000000001,0.421,0.158,-74.65927083333334,40.36381944444444,0.4900059733708811,1.1706101384822816
420545384,420546221,0.5579999999999999,0.489,0.118,-74.67287037037036,40.36439814814813,0.4685706235857488,1.1841307928391571
420544969,420545994,0.761,0.535,0.19,-74.66386494252872,40.36584770114943,0.4878688237229637,1.1784651597144165
420543777,420545385,0.328,0.861,0.328,-74.65808333333332,40.36835000000001,0.4655985628560549,1.1928116691269144
420544742,420545384,0.092,0.302,0.092,-74.67244047619046,40.36749999999999,0.4535161052585119,1.638635636475486
420543351,420545384,0.348,1.164,0.348,-74.67049528301885,40.37084119496856,0.4548532559388345,1.1816405101095646
420544171,420545165,0.118,0.35,0.118,-74.67356481481481,40.36944444444445,0.4531010009001647,1.5218105629870395
420543776,420544969,0.138,0.304,0.138,-74.66636904761904,40.37005952380954,0.4548035835658857,1.5062666078314058
420543562,420544969,0.433,0.443,0.151,-74.6628804347826,40.36994565217391,0.4566697449255957,1.1683430072694048
420548711,420548264,0.236,0.513,0.236,-74.76180555555557,40.34983796296296,0.4368704498129522,1.454157661424399
420548483,420548264,0.04,0.188,0.04,-74.76416666666665,40.35249999999999,0.4409387528705987,1.7369941568092664
420548484,420548062,0.125,0.234,0.125,-74.7524342105263,40.35160087719299,0.4402946084131987,1.5372719678110371
420548264,420546826,0.3619999999999999,0.21,0.086,-74.76314393939393,40.35261363636364,0.4429412687980548,1.1764321470889982
420548061,420547440,0.118,0.326,0.118,-74.75819444444447,40.35254629629632,0.4402288904722491,1.5404804485537773
420547869,420548062,6.177,0.4,0.177,-74.75365740740739,40.35408950617283,0.4706282795152207,0.8121641025683001
420548062,420547870,6.321999999999999,0.117,0.02,-74.75069444444445,40.35458333333333,0.4736263631522027,0.8086273838909106
420548060,420547647,0.164,0.304,0.164,-74.76591666666668,40.35358333333333,0.4425192434111413,1.4625666564477091
420547440,420547869,4.226,0.259,0.125,-74.75668859649122,40.35493421052632,0.4656067333720939,0.9247002772041062
420547647,420546826,3.398,0.188,0.04,-74.76277777777779,40.356388888888894,0.4602165431568848,0.9737976137231056
420546826,420547440,3.983,0.63,0.223,-74.75936274509804,40.35767156862746,0.4749882461076341,0.9161866110171673
420546419,420547869,1.774,0.744,0.263,-74.75389583333332,40.3593125,0.4788472151584925,1.122837210768339
420547028,420547647,3.194,0.35,0.099,-74.76308333333334,40.35836111111112,0.4683292559762607,0.9837864687346416
420546825,420547028,2.372,0.259,0.125,-74.76633771929825,40.35809210526316,0.4605734793847631,1.0673353472136091
420545822,420547028,0.7230000000000001,0.652,0.21,-74.76057291666665,40.36174479166665,0.4560541366830699,1.1568130393553762
420546624,420546825,0.204,0.446,0.204,-74.77033602150536,40.35952956989247,0.4412096837901957,1.405950156923006
420546418,420546825,2.043,0.234,0.059,-74.76578703703703,40.36115740740741,0.4712046944485971,1.1357602631515142
420546420,420546419,0.112,0.304,0.112,-74.74987745098038,40.361102941176455,0.4445430022455436,1.6017045221902122
420545988,420546418,1.846,0.21,0.046,-74.76684523809526,40.3630357142857,0.4805303466720286,1.130474513884669
420545824,420546419,1.399,0.302,0.079,-74.75229166666666,40.36305555555556,0.4804078164855451,1.159729478117094
420545604,420545988,1.5699999999999998,0.234,0.053,-74.76552083333333,40.364375,0.4802657161486987,1.147997533542654
420545823,420545822,0.092,0.234,0.092,-74.75744047619048,40.36398809523809,0.4486369456289288,1.6402467803639742
420545605,420545824,0.8610000000000001,0.304,0.145,-74.75312500000003,40.36541666666664,0.4637746251331653,1.1522552476603187
420544964,420545822,0.421,0.419,0.099,-74.75963888888889,40.36602777777779,0.4507763578605908,1.1677697349181182
420543774,420545824,0.459,0.604,0.459,-74.75185714285712,40.36851190476189,0.4522609561169882,1.1676326876324663
420545825,420545605,0.02,0.117,0.02,-74.74847222222223,40.36402777777777,0.4455462118457658,1.6723014024399083
420544739,420545604,1.222,0.443,0.112,-74.76551470588237,40.367132352941184,0.4839371139551255,1.1819840681512144
420544168,420544964,0.138,0.142,0.138,-74.75581349206348,40.36847222222223,0.4468151915737298,1.498494920018948
420543773,420544964,0.184,0.511,0.184,-74.75720238095238,40.37092261904763,0.4465656554085718,1.397429229330908
420544740,420544739,0.466,0.117,0.007,-74.76541666666667,40.36875,0.4532020203613365,1.1602265108883545
420544167,420544739,0.6439999999999999,0.326,0.086,-74.76714743589744,40.37003205128205,0.4562635793479013,1.1599679334931805
420543348,420544740,0.321,0.609,0.321,-74.76111394557823,40.3715731292517,0.4514018610678895,1.2004562388347058
420543152,420544740,0.138,0.302,0.138,-74.76430555555555,40.37271825396825,0.4495704439558134,1.494066885619193
420542741,420544167,0.21,0.371,0.21,-74.767578125,40.374375,0.4468998629380625,1.3994095658993553
420548064,420548065,94.14199999999995,0.188,0.112,-74.71629901960785,40.35208333333333,0.5036570882271111,0.2553351301003483
420547031,420548064,1.67,1.104,0.479,-74.72441210045662,40.3551997716895,0.4773984357195194,1.131061145224029
420547871,420547649,95.82499999999996,0.188,0.046,-74.70863095238094,40.35482142857144,0.5034147682295202,0.255406486689638
420547872,420547873,98.87299999999996,0.117,0.033,-74.70358333333334,40.35525,0.5090997557926731,0.2555959840411596
420547235,420547871,0.125,0.35,0.125,-74.71142543859649,40.3570394736842,0.4483726707307937,1.5295454875374943
420547234,420548065,0.829,0.467,0.132,-74.71652777777778,40.35717592592592,0.4642701211373072,1.1926873576389228
420547649,420547650,95.99599999999997,0.329,0.105,-74.70630208333334,40.35552083333333,0.5093510359720388,0.2571443419622783
420547650,420547872,98.73499999999996,0.117,0.02,-74.70375,40.35625000000001,0.5087210783420962,0.2573436815579029
420547033,420547872,0.105,0.234,0.105,-74.70078125,40.35796875000001,0.4553210410074643,1.629736398213684
420547236,420547649,0.066,0.326,0.066,-74.70891666666668,40.35775,0.4479237774283003,1.7034403496561124
420546827,420547031,0.112,0.606,0.112,-74.72438725490196,40.35825980392156,0.4460821913607083,1.6327488104436187
420546627,420547650,1.116,0.583,0.19,-74.70636494252874,40.36038793103449,0.4729304582884731,1.2161612151833434
420546421,420547648,0.855,0.628,0.145,-74.72704545454543,40.35946969696969,0.4586888256314715,1.177116955986421
420545382,420547650,1.6030000000000002,1.164,0.426,-74.70167307692309,40.36216025641026,0.4788028509848763,1.1968340407955624
420547032,420547234,0.493,0.093,0.014,-74.71666666666667,40.35916666666666,0.4445771940465194,1.192552942982437
420545828,420547234,0.204,0.304,0.204,-74.71407258064518,40.36138440860215,0.4464552003863623,1.4209681650258572
420545991,420547032,0.184,0.304,0.184,-74.72026785714286,40.36089285714286,0.4457007785491023,1.423073906798464
420545381,420547032,0.295,0.604,0.295,-74.71810185185184,40.363638888888886,0.4469838383056711,1.2415520735513788
420546626,420546627,0.079,0.284,0.079,-74.71076388888892,40.36034722222224,0.4454933370292125,1.661766805622558
420545160,420546627,0.847,0.443,0.204,-74.7085080645161,40.36358870967739,0.4583222363325924,1.199159607558557
420545606,420546421,0.171,0.234,0.171,-74.72407051282052,40.36294871794873,0.4458951606408198,1.4271936446537146
420546220,420546421,0.539,0.117,0.027,-74.72833333333332,40.36229166666666,0.4436870658000604,1.189393562481435
420544538,420546220,0.269,0.696,0.269,-74.72673780487804,40.36663617886178,0.4444985699656788,1.411974794978328
420544367,420545160,0.328,0.795,0.328,-74.71348333333333,40.36733333333333,0.4502250747798326,1.2252279918487456
420543977,420545160,0.315,0.672,0.315,-74.70930555555555,40.36899305555556,0.4419601863929431,1.2304115589732532
420545161,420545382,0.086,0.304,0.086,-74.70182692307692,40.36599358974357,0.4421887535248998,1.6667557465092764
420544539,420544170,0.164,0.471,0.164,-74.70518333333331,40.36908333333331,0.4430568367477551,1.4417231401855592
420543350,420544170,0.269,0.397,0.269,-74.70344512195123,40.37240853658537,0.4419904323329148,1.418604008385763
420546423,420547442,0.138,0.35,0.138,-74.6817261904762,40.35994047619048,0.4595461069001967,1.5085240473617048
420546629,420547442,6.9510000000000005,0.537,0.276,-74.67736111111111,40.35912698412698,0.4866718321438267,0.8045954442534923
420547034,420547035,99.92299999999996,0.117,0.02,-74.69291666666665,40.35875,0.505645665575426,0.2681788244762841
420547035,420546628,100.30599999999995,0.117,0.04,-74.69138888888888,40.35944444444445,0.5095624561838803,0.2788877104262903
420546422,420547034,0.19,0.446,0.19,-74.69691091954022,40.35972701149425,0.4515661193627706,1.4249303979929464
420545993,420546628,0.341,0.655,0.341,-74.6860096153846,40.359855769230776,0.4572397716319227,1.2083966188366198
420546828,420547035,0.3429999999999999,0.117,0.014,-74.69166666666666,40.36,0.4504626478840806,1.212320225589989
420545992,420546828,0.125,0.326,0.125,-74.69445175438597,40.362258771929824,0.4490722468931991,1.534655035748989
420545829,420546828,0.204,0.302,0.204,-74.69052419354838,40.36299731182796,0.4583366805446814,1.4109608532297888
420545164,420545607,1.989,0.704,0.256,-74.68090811965811,40.36462606837607,0.4835010846995779,1.1231703827127797
420545165,420545607,0.748,0.278,0.079,-74.67708333333333,40.36597222222222,0.4693236327796103,1.1707455135605545
420545383,420545382,1.0910000000000002,0.117,0.014,-74.69833333333331,40.36499999999998,0.478694510210886,1.2151207014647705
420545162,420545383,0.099,0.142,0.099,-74.69530555555555,40.36569444444444,0.4501082354500976,1.649827531744151
420544967,420545383,0.978,0.186,0.033,-74.69775000000001,40.36708333333333,0.4680840821082234,1.211955577423459
420545163,420545164,1.647,0.071,0.027,-74.68375,40.36645833333333,0.4889424751611629,1.1638729606658034
420544741,420545163,1.285,0.517,0.217,-74.68703282828281,40.36640151515152,0.4889234342667697,1.201071775382651
420544369,420545164,0.086,0.326,0.086,-74.68080128205128,40.368685897435896,0.4467016403804776,1.6603141922397304
420543154,420545163,0.335,0.72,0.335,-74.6836519607843,40.37128267973858,0.4519387421224127,1.2226733564129515
420542550,420545165,0.551,1.255,0.551,-74.67802579365083,40.37288690476192,0.4514287910700695,1.1692228663286863
420544170,420544967,0.545,0.397,0.112,-74.70026960784313,40.36875000000001,0.4443580091595489,1.1998582851375086
420543560,420544741,1.035,1.145,0.511,-74.69193376068374,40.369871794871806,0.4701776295442285,1.2124585441959062
420542939,420544967,0.4,0.881,0.4,-74.69776639344262,40.3728620218579,0.4454748269963587,1.2083773704772982
420544368,420544741,0.033,0.117,0.033,-74.68758333333334,40.36941666666666,0.4512924875844759,1.7030854388729575
420542549,420543560,0.262,0.443,0.262,-74.68672916666665,40.37529166666667,0.4478684392135376,1.4216036163934054
420542346,420543560,0.262,0.443,0.262,-74.6919375,40.37637499999999,0.4473232388599367,1.4209359005238182
420542940,420543562,0.223,0.487,0.223,-74.66122549019606,40.37416666666666,0.4543081326782786,1.3953153386909158
420543561,420543562,0.059,0.117,0.059,-74.66449074074076,40.37217592592594,0.4543635471093098,1.6806001601609226
